MEDIA_ID,MEDIA_NAME,CNT,TIME(2024/06/03 10:49:43.773),TIMETICK(f=10000000),FPOGX,FPOGY,FPOGS,FPOGD,FPOGID,FPOGV,BPOGX,BPOGY,BPOGV,CX,CY,CS,KB,KBS,USER,LPCX,LPCY,LPD,LPS,LPV,RPCX,RPCY,RPD,RPS,RPV,BKID,BKDUR,BKPMIN,LPMM,LPMMV,RPMM,RPMMV,DIAL,DIALV,GSR,GSRV,HR,HRV,HRP,IBI,TTL0,TTL1,TTL2,TTL3,TTL4,TTL5,TTL6,TTLV,PIXS,PIXV,AOI,SACCADE_MAG,SACCADE_DIR,VID_FRAME,
0,ACUA User Study,39,0.28760,744695394990,0.44672,0.19378,0.00000,0.28759,1,1,0.46354,0.27023,1,0.44792,0.12870,0, ,0,,0.25931,0.71221,22.14328,0.84069,1,0.50801,0.65402,23.48892,0.84069,1,0,0.00000,7,4.49788,1,4.63697,1,0.00000,0,0,0,0,0,0,0.000,1,1,1,1,1,1,1,0,0.00000,0,,0.00000,0.00000,0,
0,ACUA User Study,57,0.40820,744696600753,0.44847,0.23369,0.29492,0.11328,2,1,0.42961,0.15344,1,0.44792,0.12870,0, ,0,,0.25912,0.71331,22.66894,0.87525,1,0.50756,0.65432,23.26931,0.87021,1,0,0.00000,7,4.53599,1,4.60398,1,0.00000,0,0,0,0,0,0,0.000,1,1,1,1,1,1,1,0,0.00000,0,,43.23355,274.45737,0,
0,ACUA User Study,72,0.52246,744697741575,0.41228,0.26748,0.41504,0.10742,3,1,0.37867,0.45979,1,0.44792,0.12870,0, ,0,,0.25793,0.71595,21.75029,0.86009,1,0.50524,0.65657,22.26344,0.85506,1,0,0.00000,7,4.56783,1,4.63383,1,0.00000,0,0,0,0,0,0,0.000,1,1,1,1,1,1,1,0,0.00000,0,,78.48497,207.70831,0,
0,ACUA User Study,98,0.72998,744699816939,0.38363,0.40732,0.55225,0.17773,4,1,0.37084,0.18297,1,0.44792,0.12870,0, ,0,,0.26061,0.71711,20.43504,0.89045,1,0.50696,0.65907,21.57681,0.89045,1,0,0.00000,7,4.21267,1,4.32147,1,0.00000,0,0,0,0,0,0,0.000,1,1,1,1,1,1,1,0,0.00000,0,,160.73297,249.98709,0,
0,ACUA User Study,128,0.98438,744702363024,0.26071,0.07446,0.75684,0.22754,5,1,0.13021,0.07895,1,0.44792,0.12870,0, ,0,,0.26407,0.71501,20.12211,0.87016,1,0.51072,0.65970,20.46288,0.87519,1,0,0.00000,7,4.28492,1,4.47498,1,0.00000,0,0,0,0,0,0,0.000,1,1,1,1,1,1,1,0,0.00000,0,,430.03629,123.28513,0,
0,ACUA User Study,150,1.13184,744703836886,0.14441,0.08822,0.99121,0.14062,6,1,0.15332,0.15586,1,0.44792,0.12870,0, ,0,,0.27300,0.72100,20.52456,0.87032,1,0.52019,0.66814,20.78198,0.87032,1,0,0.00000,7,4.51655,1,4.50701,1,0.00000,0,0,0,0,0,0,0.000,1,1,1,1,1,1,1,0,0.00000,0,,223.78995,183.80753,0,
0,ACUA User Study,165,1.26367,744705153707,0.19201,0.11988,1.13867,0.12500,7,1,0.54858,0.23511,1,0.35885,0.12037,0, ,0,,0.28990,0.71839,21.14741,0.90215,1,0.53538,0.67200,22.11021,0.90215,1,0,0.00000,7,4.44641,1,4.46518,1,0.00000,0,0,0,0,0,0,0.000,1,1,1,1,1,1,1,0,0.00000,0,,97.57891,339.48749,0,
0,ACUA User Study,195,1.46045,744707119558,0.58068,0.30815,1.28613,0.17432,8,1,0.58072,0.28588,1,0.12344,0.06481,0, ,0,,0.29555,0.71959,20.97922,0.91831,1,0.54148,0.67692,21.86197,0.91277,1,0,0.00000,7,4.42477,1,4.61846,1,0.00000,0,0,0,0,0,0,0.000,1,1,1,1,1,1,1,0,0.00000,0,,773.45166,344.75848,0,
0,ACUA User Study,220,1.69238,744709441635,0.16411,0.11033,1.50684,0.18555,9,1,0.16083,0.14674,1,0.12708,0.04352,0, ,0,,0.27729,0.72070,20.92258,0.89135,1,0.52184,0.66924,21.69262,0.89135,1,0,0.00000,7,4.49696,1,4.55354,1,0.00000,0,0,0,0,0,0,0.000,1,1,1,1,1,1,1,0,0.00000,0,,827.85724,165.04439,0,
0,ACUA User Study,235,1.79150,744710434890,0.11849,0.10967,1.69629,0.09521,10,1,0.07079,0.06201,1,0.12969,0.04074,0, ,0,,0.27517,0.71679,21.35756,0.92384,1,0.51942,0.66538,21.46181,0.92938,1,0,0.00000,7,4.51420,1,4.76467,1,0.00000,0,0,0,0,0,0,0.000,1,1,1,1,1,1,1,0,0.00000,0,,87.59331,179.53374,0,
0,ACUA User Study,268,2.03613,744712880207,0.09182,0.06547,1.79541,0.24072,11,1,0.14223,0.12440,1,0.15052,0.02778,0, ,0,,0.27818,0.71157,23.08088,0.88028,1,0.52354,0.66316,23.01055,0.88028,1,0,0.00000,7,4.63254,1,4.77032,1,0.00000,0,0,0,0,0,0,0.000,1,1,1,1,1,1,1,0,0.00000,0,,70.00586,137.00883,0,
0,ACUA User Study,321,2.45752,744717091009,0.14303,0.07682,2.04297,0.41455,12,1,0.17233,0.13536,1,0.16458,0.02315,0, ,0,,0.28435,0.71541,22.65242,0.87011,1,0.53083,0.66898,22.16730,0.87011,1,0,0.00000,7,4.70457,1,4.50255,1,0.00000,0,0,0,0,0,0,0.000,1,1,1,1,1,1,1,0,0.00000,0,,99.08437,352.89359,0,
0,ACUA User Study,340,2.61230,744718639604,0.16273,0.07522,2.46729,0.14502,13,1,0.14712,-0.00829,1,0.16823,0.02037,0, ,0,,0.28432,0.71480,21.77378,0.90751,1,0.53131,0.66895,21.51303,0.90197,1,0,0.00000,7,4.38920,1,4.54968,1,0.00000,0,0,0,0,0,0,0.000,1,1,1,1,1,1,1,0,0.00000,0,,37.86343,2.61575,0,
0,ACUA User Study,359,2.73975,744719913490,0.16244,0.07065,2.61914,0.12061,14,1,0.17398,0.10722,1,0.16823,0.02037,0, ,0,,0.28431,0.71473,21.88022,0.87011,1,0.53136,0.66854,21.47981,0.87011,1,0,0.00000,7,4.52673,1,4.56289,1,0.00000,0,0,0,0,0,0,0.000,1,1,1,1,1,1,1,0,0.00000,0,,4.96692,96.43642,0,
0,ACUA User Study,377,2.86230,744721142398,0.17113,0.06736,2.74658,0.11572,15,1,0.18671,0.03946,1,0.16823,0.02037,0, ,0,,0.28512,0.71490,21.84525,0.88671,1,0.53197,0.66875,21.65651,0.88118,1,0,0.00000,7,4.49018,1,4.58241,1,0.00000,0,0,0,0,0,0,0.000,1,1,1,1,1,1,1,0,0.00000,0,,17.05896,12.02209,0,
0,ACUA User Study,445,3.35596,744726075633,0.19150,0.07502,2.86670,0.48926,16,1,0.18269,0.05569,1,0.16823,0.02037,0, ,0,,0.27296,0.72056,22.24614,0.88033,1,0.51877,0.66749,21.74896,0.89090,1,0,0.00000,7,4.48243,1,4.73577,1,0.00000,0,0,0,0,0,0,0.000,1,1,1,1,1,1,1,0,0.00000,0,,39.97576,348.05661,0,
0,ACUA User Study,474,3.54980,744728017080,0.18262,0.09218,3.36230,0.18750,17,1,0.18694,0.37465,1,0.29115,0.16296,0, ,0,,0.26959,0.72191,21.30696,0.87519,1,0.51485,0.66881,21.83210,0.87519,1,0,0.00000,7,4.43863,1,4.51984,1,0.00000,0,0,0,0,0,0,0.000,1,1,1,1,1,1,1,0,0.00000,0,,25.18240,227.38692,0,
0,ACUA User Study,504,3.75488,744730066170,0.20317,0.41269,3.57666,0.17822,18,1,0.22055,0.44143,1,0.33229,0.21111,0, ,0,,0.26722,0.72489,20.76760,0.88118,1,0.51276,0.67085,20.99552,0.88671,1,0,0.00000,7,4.27145,1,4.15866,1,0.00000,0,0,0,0,0,0,0.000,1,1,1,1,1,1,1,0,0.00000,0,,348.39224,276.50281,0,
0,ACUA User Study,529,3.93896,744731909519,0.17069,0.21971,3.77783,0.16113,19,1,0.18675,0.26147,1,0.33229,0.21111,0, ,0,,0.25736,0.72938,20.08999,0.85501,1,0.50169,0.67037,20.06674,0.85501,1,0,0.00000,7,4.32837,1,4.34019,1,0.00000,0,0,0,0,0,0,0.000,1,1,1,1,1,1,1,0,0.00000,0,,217.54814,106.65789,0,
0,ACUA User Study,541,4.02441,744732763941,-0.08028,0.32198,3.94531,0.07910,20,1,-0.45529,0.53428,1,0.33229,0.21111,0, ,0,,0.23622,0.73632,17.32718,0.84661,1,0.47901,0.67221,19.32110,0.83604,1,0,0.00000,7,4.26697,1,4.81209,1,0.00000,0,0,0,0,0,0,0.000,1,1,1,1,1,1,1,0,0.00000,0,,494.35913,192.91022,0,
0,ACUA User Study,565,4.18164,744734336170,-1.02093,0.91992,4.10645,0.07520,21,1,-1.45035,0.39055,1,0.33229,0.21111,0, ,0,,0.19194,0.75897,17.76916,1.04164,1,0.42649,0.67210,18.45466,1.08470,1,0,0.00000,7,4.44585,1,4.13401,1,0.00000,0,0,0,0,0,0,0.000,1,1,1,1,1,1,1,0,0.00000,0,,1918.02905,199.67514,0,
0,ACUA User Study,582,4.29346,744735453541,-1.50635,0.39107,4.20703,0.08643,22,1,-1.63584,0.34963,1,0.33229,0.21111,0, ,0,,0.16591,0.77531,16.84451,1.03887,1,0.39469,0.67577,18.86714,1.03887,1,0,0.00000,7,4.73825,1,4.42643,1,0.00000,0,0,0,0,0,0,0.000,1,1,1,1,1,1,1,0,0.00000,0,,1093.09534,148.49895,0,
0,ACUA User Study,608,4.46777,744737195525,-1.67159,0.37585,4.30029,0.16748,23,1,-1.69482,0.37751,1,0.33229,0.21111,0, ,0,,0.13290,0.79647,17.60159,1.03887,1,0.35325,0.68092,18.77201,1.03887,1,0,0.00000,7,4.82874,1,4.32672,1,0.00000,0,0,0,0,0,0,0.000,1,1,1,1,1,1,1,0,0.00000,0,,317.68604,177.03409,0,
0,ACUA User Study,627,4.59619,744738478109,-1.67096,0.36618,4.47461,0.12158,24,1,-1.64758,0.42738,1,0.33229,0.21111,0, ,0,,0.11357,0.80887,17.63192,1.03887,1,0.32972,0.68326,18.50383,1.03887,1,0,0.00000,7,4.90899,1,4.36518,1,0.00000,0,0,0,0,0,0,0.000,1,1,1,1,1,1,1,0,0.00000,0,,10.51340,83.39400,0,
0,ACUA User Study,683,4.97705,744742286853,-1.65854,0.33792,4.60156,0.37549,25,1,-1.66277,0.33352,1,0.33229,0.21111,0, ,0,,0.11865,0.80512,18.05587,1.03887,1,0.33443,0.68077,18.57533,1.03887,1,0,0.00000,7,4.79699,1,4.30176,1,0.00000,0,0,0,0,0,0,0.000,1,1,1,1,1,1,1,0,0.00000,0,,38.73204,51.99885,0,
0,ACUA User Study,701,5.09717,744743490993,-1.64481,0.29712,4.98389,0.11328,26,1,-1.65549,0.20651,1,0.33229,0.21111,0, ,0,,0.12167,0.80491,17.92243,1.03887,1,0.33771,0.68139,18.64219,1.03887,1,0,0.00000,7,4.84149,1,4.36012,1,0.00000,0,0,0,0,0,0,0.000,1,1,1,1,1,1,1,0,0.00000,0,,51.34753,59.10976,0,
0,ACUA User Study,720,5.22461,744744762264,-1.66207,0.30171,5.10400,0.12061,27,1,-1.67952,0.20843,1,0.33229,0.21111,0, ,0,,0.12022,0.80408,17.88933,1.03887,1,0.33636,0.68042,18.85684,1.03887,1,0,0.00000,7,4.95003,1,4.42295,1,0.00000,0,0,0,0,0,0,0.000,1,1,1,1,1,1,1,0,0.00000,0,,33.50812,188.50755,0,
0,ACUA User Study,751,5.43457,744746863814,-1.68686,0.34813,5.23145,0.20312,28,1,-1.65454,0.26961,1,0.33229,0.21111,0, ,0,,0.11593,0.80433,18.12391,1.03887,1,0.33249,0.68086,19.01107,1.03887,1,0,0.00000,7,4.92523,1,4.45834,1,0.00000,0,0,0,0,0,0,0.000,1,1,1,1,1,1,1,0,0.00000,0,,69.12901,226.48695,0,
0,ACUA User Study,784,5.65332,744749051037,-1.69566,0.32016,5.43896,0.21436,29,1,-1.67974,0.18115,1,0.33229,0.21111,0, ,0,,0.12016,0.80303,17.67842,1.03887,1,0.33747,0.68108,18.64024,1.03887,1,0,0.00000,7,4.92622,1,4.31962,1,0.00000,0,0,0,0,0,0,0.000,1,1,1,1,1,1,1,0,0.00000,0,,34.61174,119.21958,0,
0,ACUA User Study,810,5.82764,744750792595,-1.69330,0.26846,5.66016,0.16748,30,1,-1.67069,0.14553,1,0.33229,0.21111,0, ,0,,0.12283,0.80152,17.74761,1.03887,1,0.34067,0.68046,18.50208,1.03887,1,0,0.00000,7,4.84562,1,4.36233,1,0.00000,0,0,0,0,0,0,0.000,1,1,1,1,1,1,1,0,0.00000,0,,56.01956,85.36046,0,
0,ACUA User Study,833,5.98145,744752333986,-1.71022,0.32426,5.83496,0.14648,31,1,-1.72862,0.41523,1,0.33229,0.21111,0, ,0,,0.12240,0.80065,17.71097,1.03887,1,0.34038,0.68010,18.69471,1.03887,1,0,0.00000,7,4.80235,1,4.28393,1,0.00000,0,0,0,0,0,0,0.000,1,1,1,1,1,1,1,0,0.00000,0,,68.46249,241.67236,0,
0,ACUA User Study,850,6.09521,744753470274,-1.66865,0.38248,5.98828,0.10693,32,1,-1.61186,0.29260,1,0.33229,0.21111,0, ,0,,0.12303,0.80101,18.07303,1.03887,1,0.34127,0.68024,18.61316,1.03887,1,0,0.00000,7,4.96602,1,4.33134,1,0.00000,0,0,0,0,0,0,0.000,1,1,1,1,1,1,1,0,0.00000,0,,101.60660,321.76898,0,
0,ACUA User Study,866,6.20264,744754543884,-1.62050,0.27099,6.10205,0.10059,33,1,-1.65810,0.23730,1,0.33229,0.21111,0, ,0,,0.12404,0.80090,18.43634,1.03887,1,0.34240,0.68045,19.28760,1.03887,1,0,0.00000,7,5.00793,1,4.45327,1,0.00000,0,0,0,0,0,0,0.000,1,1,1,1,1,1,1,0,0.00000,0,,151.80595,52.48352,0,
0,ACUA User Study,883,6.31689,744755683963,-1.59622,0.24617,6.20947,0.10742,34,1,-1.54918,0.24187,1,0.33229,0.21111,0, ,0,,0.12567,0.80045,18.88113,1.03887,1,0.34404,0.68008,19.41164,1.03887,1,0,0.00000,7,5.08474,1,4.52496,1,0.00000,0,0,0,0,0,0,0.000,1,1,1,1,1,1,1,0,0.00000,0,,53.77478,29.89947,0,
0,ACUA User Study,919,6.55762,744758094237,-1.57527,0.30347,6.32812,0.22949,35,1,-1.55546,0.29633,1,0.33229,0.21111,0, ,0,,0.12611,0.79943,18.18306,1.03887,1,0.34481,0.67927,18.75316,1.03887,1,0,0.00000,7,4.93322,1,4.27587,1,0.00000,0,0,0,0,0,0,0.000,1,1,1,1,1,1,1,0,0.00000,0,,73.80779,303.02341,0,
0,ACUA User Study,945,6.73193,744759837292,-1.51509,0.29510,6.56445,0.16748,36,1,-1.50788,0.30106,1,0.33229,0.21111,0, ,0,,0.12698,0.79965,18.27702,1.03887,1,0.34564,0.67976,18.55953,1.03887,1,0,0.00000,7,4.77959,1,4.25580,1,0.00000,0,0,0,0,0,0,0.000,1,1,1,1,1,1,1,0,0.00000,0,,115.89896,4.47335,0,
0,ACUA User Study,968,6.88574,744761375576,-1.48190,0.22387,6.75879,0.12695,37,1,-1.45895,0.17568,1,0.33229,0.21111,0, ,0,,0.12793,0.79972,18.55193,1.03887,1,0.34627,0.67994,18.67251,1.03887,1,0,0.00000,7,4.97269,1,4.35794,1,0.00000,0,0,0,0,0,0,0.000,1,1,1,1,1,1,1,0,0.00000,0,,99.89398,50.36293,0,
0,ACUA User Study,983,6.98633,744762378894,-1.43947,0.22514,6.89258,0.09375,38,1,-1.41844,0.21818,1,0.33229,0.21111,0, ,0,,0.12756,0.79952,18.73223,1.03887,1,0.34590,0.67957,18.82652,1.03887,1,0,0.00000,7,4.91894,1,4.34578,1,0.00000,0,0,0,0,0,0,0.000,1,1,1,1,1,1,1,0,0.00000,0,,81.47712,359.03543,0,
0,ACUA User Study,999,7.09375,744763453308,-1.45253,0.27023,6.99316,0.10059,39,1,-1.49339,0.28336,1,0.33229,0.21111,0, ,0,,0.12681,0.79908,18.51782,1.03887,1,0.34528,0.67920,18.88414,1.03887,1,0,0.00000,7,5.10721,1,4.35382,1,0.00000,0,0,0,0,0,0,0.000,1,1,1,1,1,1,1,0,0.00000,0,,54.77391,242.75513,0,
0,ACUA User Study,1015,7.20068,744764522965,-1.42288,0.22653,7.10010,0.10059,40,1,-1.48185,0.16260,1,0.33229,0.21111,0, ,0,,0.12607,0.79943,18.70341,1.03887,1,0.34466,0.67940,18.51564,1.03887,1,0,0.00000,7,4.98685,1,4.39057,1,0.00000,0,0,0,0,0,0,0.000,1,1,1,1,1,1,1,0,0.00000,0,,73.94765,39.66034,0,
0,ACUA User Study,1040,7.36816,744766198833,-1.42032,0.23274,7.20752,0.16064,41,1,-1.35123,0.16785,1,0.33229,0.21111,0, ,0,,0.12566,0.79978,18.25713,1.03887,1,0.34412,0.67974,18.61320,1.03887,1,0,0.00000,7,4.97319,1,4.26614,1,0.00000,0,0,0,0,0,0,0.000,1,1,1,1,1,1,1,0,0.00000,0,,8.31512,306.23697,0,
0,ACUA User Study,1054,7.47070,744767224714,-1.29393,0.29426,7.37451,0.09619,42,1,-0.88951,0.90476,1,0.33229,0.21111,0, ,0,,0.12505,0.80002,18.02442,0.79231,1,0.34333,0.67976,18.60714,0.74332,1,0,0.00000,7,4.88066,1,4.26092,1,0.00000,0,0,0,0,0,0,0.000,1,1,1,1,1,1,1,0,0.00000,0,,251.60004,344.68793,0,
0,ACUA User Study,1089,7.70312,744769550977,-0.74905,1.15272,7.49561,0.20752,43,1,-0.69424,1.11565,1,0.33229,0.21111,0, ,0,,0.12393,0.79939,18.03543,0.64480,1,0.34217,0.67880,18.38844,0.64480,1,0,0.00000,7,4.93377,1,4.26355,1,0.00000,0,0,0,0,0,0,0.000,1,1,1,1,1,1,1,0,0.00000,0,,1397.87476,318.45200,0,
0,ACUA User Study,1122,7.92432,744771759990,-0.71193,1.13354,7.70996,0.21436,44,1,-0.76117,1.52017,1,0.33229,0.21111,0, ,0,,0.12335,0.80014,13.60293,0.64480,1,0.34203,0.67868,15.48176,0.64480,1,0,0.00000,7,4.37628,1,4.27038,1,0.00000,0,0,0,0,0,0,0.000,1,1,1,1,1,1,1,0,0.00000,0,,74.21974,16.20620,0,
0,ACUA User Study,1156,8.22559,744774773175,-0.33936,0.97091,8.14600,0.07959,45,1,-0.37646,1.06188,1,0.33229,0.21111,0, ,0,,0.34256,0.68068,19.42362,0.64480,1,0.34106,0.67878,13.56725,0.64480,0,0,0.00000,8,4.48756,1,4.19344,0,0.00000,0,0,0,0,0,0,0.000,1,1,1,1,1,1,1,0,0.00000,0,,736.58185,13.79528,0,
0,ACUA User Study,1193,8.47363,744777251418,-0.38260,1.01805,8.23242,0.24121,46,1,-0.41705,0.98645,1,0.33229,0.21111,0, ,0,,0.34250,0.68018,19.43856,0.64480,1,0.34106,0.67878,13.56725,0.64480,0,0,0.00000,8,4.55955,1,4.19344,0,0.00000,0,0,0,0,0,0,0.000,1,1,1,1,1,1,1,0,0.00000,0,,97.38792,211.51799,0,
0,ACUA User Study,1224,8.68945,744779410393,-0.41274,1.01326,8.47998,0.20947,47,1,-0.35834,1.02801,1,0.33229,0.21111,0, ,0,,0.34128,0.68038,18.83049,0.64480,1,0.34106,0.67878,13.56725,0.64480,0,0,0.00000,8,4.40129,1,4.19344,0,0.00000,0,0,0,0,0,0,0.000,1,1,1,1,1,1,1,0,0.00000,0,,58.09954,174.89169,0,
0,ACUA User Study,1257,8.90869,744781605487,-0.37177,0.99483,8.69434,0.21436,48,1,-0.45811,0.85889,1,0.33229,0.21111,0, ,0,,0.33985,0.67989,18.50915,0.64480,1,0.34106,0.67878,13.56725,0.64480,0,0,0.00000,8,4.32176,1,4.19344,0,0.00000,0,0,0,0,0,0,0.000,1,1,1,1,1,1,1,0,0.00000,0,,81.14162,14.19984,0,
0,ACUA User Study,1313,9.31006,744785618503,-0.48014,0.87076,8.93555,0.37451,49,1,-0.46450,0.98553,1,0.33229,0.21111,0, ,0,,0.33884,0.68123,19.17354,0.64480,1,0.34106,0.67878,13.56725,0.64480,0,0,0.00000,8,4.33860,1,4.19344,0,0.00000,0,0,0,0,0,0,0.000,1,1,1,1,1,1,1,0,0.00000,0,,247.48351,147.21881,0,
0,ACUA User Study,1394,9.85742,744791090578,-0.39615,1.01112,9.33252,0.52490,50,1,-0.41336,0.97320,1,0.33229,0.21111,0, ,0,,0.34088,0.68059,19.04366,0.64480,1,0.34106,0.67878,13.56725,0.64480,0,0,0.00000,8,4.40178,1,4.19344,0,0.00000,0,0,0,0,0,0,0.000,1,1,1,1,1,1,1,0,0.00000,0,,221.32368,316.77081,0,
0,ACUA User Study,1430,10.09961,744793514111,-0.41486,1.00093,9.86230,0.23730,51,1,-0.41521,1.03303,1,0.33229,0.21111,0, ,0,,0.34094,0.68045,19.34182,0.64480,1,0.34106,0.67878,13.56725,0.64480,0,0,0.00000,8,4.45790,1,4.19344,0,0.00000,0,0,0,0,0,0,0.000,1,1,1,1,1,1,1,0,0.00000,0,,37.57119,162.96751,0,
0,ACUA User Study,1473,10.38916,744796408591,-0.39300,1.05160,10.10400,0.28516,52,1,-0.33045,1.00255,1,0.33229,0.21111,0, ,0,,0.34220,0.68215,19.10896,0.64480,1,0.34106,0.67878,13.56725,0.64480,0,0,0.00000,8,4.47025,1,4.19344,0,0.00000,0,0,0,0,0,0,0.000,1,1,1,1,1,1,1,0,0.00000,0,,68.96566,307.48703,0,
0,ACUA User Study,1494,10.53076,744797827144,-0.34754,1.07247,10.39600,0.13477,53,1,-0.35434,1.11869,1,0.33229,0.21111,0, ,0,,0.34140,0.68203,19.30093,0.64480,1,0.34106,0.67878,13.56725,0.64480,0,0,0.00000,8,4.46051,1,4.19344,0,0.00000,0,0,0,0,0,0,0.000,1,1,1,1,1,1,1,0,0.00000,0,,90.14648,345.52057,0,
0,ACUA User Study,1520,10.70410,744799557003,-0.34272,1.06572,10.53662,0.16748,54,1,-0.33358,1.03498,1,0.33229,0.21111,0, ,0,,0.33977,0.68147,19.09286,0.64480,1,0.34106,0.67878,13.56725,0.64480,0,0,0.00000,8,4.40623,1,4.19344,0,0.00000,0,0,0,0,0,0,0.000,1,1,1,1,1,1,1,0,0.00000,0,,11.78085,38.22885,0,
0,ACUA User Study,1564,10.99854,744802503663,-0.30181,1.02811,10.71045,0.28809,55,1,-0.25837,1.03549,1,0.33229,0.21111,0, ,0,,0.33669,0.68166,18.36911,0.62331,1,0.34106,0.67878,13.56725,0.62331,0,0,0.00000,8,4.24046,1,4.19344,0,0.00000,0,0,0,0,0,0,0.000,1,1,1,1,1,1,1,0,0.00000,0,,88.42813,27.34458,0,
0,ACUA User Study,1611,11.32666,744805786192,-0.24313,1.07364,11.00537,0.32129,56,1,-0.20529,1.10345,1,0.33229,0.21111,0, ,0,,0.33509,0.68154,18.80517,0.60320,1,0.34106,0.67878,13.56725,0.60320,0,0,0.00000,8,4.28165,1,4.19344,0,0.00000,0,0,0,0,0,0,0.000,1,1,1,1,1,1,1,0,0.00000,0,,122.92864,336.42142,0,
0,ACUA User Study,1630,11.45557,744807072383,-0.17853,1.08962,11.33350,0.12207,57,1,-0.14020,1.08036,1,0.33229,0.21111,0, ,0,,0.33489,0.68082,18.92744,0.60320,1,0.34106,0.67878,13.56725,0.60320,0,0,0.00000,8,4.31945,1,4.19344,0,0.00000,0,0,0,0,0,0,0.000,1,1,1,1,1,1,1,0,0.00000,0,,125.22697,352.07846,0,
0,ACUA User Study,1694,11.88281,744811344934,-0.16996,1.08073,11.46045,0.42236,58,1,-0.30258,1.16902,1,0.33229,0.21111,0, ,0,,0.33439,0.68138,19.00179,0.60320,1,0.34106,0.67878,13.56725,0.60320,0,0,0.00000,8,4.34588,1,4.19344,0,0.00000,0,0,0,0,0,0,0.000,1,1,1,1,1,1,1,0,0.00000,0,,19.05071,30.26374,0,
0,ACUA User Study,1763,12.34814,744815999418,-0.23559,1.09809,11.88965,0.45850,59,1,-0.13654,0.99586,1,0.33229,0.21111,0, ,0,,0.33836,0.68037,19.78935,0.60320,1,0.34106,0.67878,13.56725,0.60320,0,0,0.00000,8,4.56428,1,4.19344,0,0.00000,0,0,0,0,0,0,0.000,1,1,1,1,1,1,1,0,0.00000,0,,127.39677,188.46294,0,
0,ACUA User Study,1801,12.60303,744818549126,-0.18955,1.10364,12.35596,0.24707,60,1,-0.17561,1.12599,1,0.33229,0.21111,0, ,0,,0.33772,0.68072,18.85221,0.60320,1,0.34106,0.67878,13.56725,0.60320,0,0,0.00000,8,4.34242,1,4.19344,0,0.00000,0,0,0,0,0,0,0.000,1,1,1,1,1,1,1,0,0.00000,0,,88.59977,356.12091,0,
0,ACUA User Study,1845,12.90430,744821559618,-0.17026,1.07464,12.60840,0.29590,61,1,-0.14451,1.06896,1,0.33229,0.21111,0, ,0,,0.33867,0.68045,18.03959,0.60320,1,0.34106,0.67878,13.56725,0.60320,0,0,0.00000,8,4.09345,1,4.19344,0,0.00000,0,0,0,0,0,0,0.000,1,1,1,1,1,1,1,0,0.00000,0,,48.50426,40.21933,0,
0,ACUA User Study,1888,13.20264,744824541879,-0.14355,1.04588,12.91309,0.28955,62,1,-0.11218,0.99370,1,0.33229,0.21111,0, ,0,,0.33899,0.68047,17.86760,0.60320,1,0.34106,0.67878,13.56725,0.60320,0,0,0.00000,8,4.20246,1,4.19344,0,0.00000,0,0,0,0,0,0,0.000,1,1,1,1,1,1,1,0,0.00000,0,,59.95615,31.20211,0,
0,ACUA User Study,1922,13.43018,744826818530,-0.11699,1.01725,13.20898,0.22119,63,1,-0.09588,0.96816,1,0.33229,0.21111,0, ,0,,0.33822,0.68119,18.36893,0.60320,1,0.34106,0.67878,13.56725,0.60320,0,0,0.00000,8,4.18004,1,4.19344,0,0.00000,0,0,0,0,0,0,0.000,1,1,1,1,1,1,1,0,0.00000,0,,59.63715,31.23020,0,
0,ACUA User Study,1960,13.68848,744829401606,-0.09193,1.00450,13.43701,0.25146,64,1,-0.04693,1.00868,1,0.33229,0.21111,0, ,0,,0.33927,0.68145,17.92980,0.60320,1,0.34106,0.67878,13.56725,0.60320,0,0,0.00000,8,4.24599,1,4.19344,0,0.00000,0,0,0,0,0,0,0.000,1,1,1,1,1,1,1,0,0.00000,0,,50.04681,15.97038,0,
0,ACUA User Study,2069,14.43506,744836866714,-0.06090,0.99824,13.69336,0.74170,65,1,-0.15965,0.99993,1,0.33229,0.21111,0, ,0,,0.32095,0.68358,20.23335,0.60320,1,0.34106,0.67878,13.56725,0.60320,0,0,0.00000,8,4.79244,1,4.19344,0,0.00000,0,0,0,0,0,0,0.000,1,1,1,1,1,1,1,0,0.00000,0,,59.95997,6.47411,0,
0,ACUA User Study,2091,14.58203,744838339914,-0.33641,1.13976,14.46240,0.11963,66,1,-0.33511,1.15985,1,0.33229,0.21111,0, ,0,,0.31331,0.68479,19.82736,0.60320,1,0.34106,0.67878,13.56725,0.60320,0,0,0.00000,8,4.71264,1,4.19344,0,0.00000,0,0,0,0,0,0,0.000,1,1,1,1,1,1,1,0,0.00000,0,,550.61737,196.11595,0,
0,ACUA User Study,2123,14.79883,744840504663,-0.33956,1.16354,14.58887,0.20996,67,1,-0.33988,1.12790,1,0.33229,0.21111,0, ,0,,0.30432,0.68558,19.36626,0.60320,1,0.34106,0.67878,13.56725,0.60320,0,0,0.00000,8,4.57527,1,4.19344,0,0.00000,0,0,0,0,0,0,0.000,1,1,1,1,1,1,1,0,0.00000,0,,26.38490,256.74866,0,
0,ACUA User Study,2168,15.09912,744843510621,-0.34477,1.18815,14.80420,0.29492,68,1,-0.35085,1.11795,1,0.33229,0.21111,0, ,0,,0.29774,0.68557,18.87218,0.60320,1,0.34106,0.67878,13.56725,0.60320,0,0,0.00000,8,4.38436,1,4.19344,0,0.00000,0,0,0,0,0,0,0.000,1,1,1,1,1,1,1,0,0.00000,0,,28.39895,249.37564,0,
0,ACUA User Study,2216,15.41943,744846713523,-0.29832,1.14843,15.10596,0.31348,69,1,-0.26909,1.12971,1,0.33229,0.21111,0, ,0,,0.30643,0.68358,19.93537,0.60320,1,0.34106,0.67878,13.56725,0.60320,0,0,0.00000,8,4.59769,1,4.19344,0,0.00000,0,0,0,0,0,0,0.000,1,1,1,1,1,1,1,0,0.00000,0,,98.96460,25.68759,0,
0,ACUA User Study,2263,15.74121,744849928158,-0.24880,1.10892,15.42725,0.31396,70,1,-0.24600,1.09575,1,0.33229,0.21111,0, ,0,,0.30748,0.68303,18.91916,0.60320,1,0.34106,0.67878,13.56725,0.60320,0,0,0.00000,8,4.43325,1,4.19344,0,0.00000,0,0,0,0,0,0,0.000,1,1,1,1,1,1,1,0,0.00000,0,,104.21475,24.17039,0,
0,ACUA User Study,2312,16.06934,744853210942,-0.24172,1.15536,15.74805,0.32129,71,1,-0.38902,1.26807,1,0.33229,0.21111,0, ,0,,0.30688,0.68392,18.04452,0.60320,1,0.34106,0.67878,13.56725,0.60320,0,0,0.00000,8,4.45795,1,4.19344,0,0.00000,0,0,0,0,0,0,0.000,1,1,1,1,1,1,1,0,0.00000,0,,51.96476,285.16455,0,
0,ACUA User Study,2348,16.31201,744855637409,-0.35961,1.26592,16.09863,0.21338,72,1,-0.33826,1.22571,1,0.33229,0.21111,0, ,0,,0.30528,0.68515,18.74882,0.60320,1,0.34106,0.67878,13.56725,0.60320,0,0,0.00000,8,4.35629,1,4.19344,0,0.00000,0,0,0,0,0,0,0.000,1,1,1,1,1,1,1,0,0.00000,0,,255.91261,207.81279,0,
0,ACUA User Study,2369,16.45117,744857029230,-0.32175,1.20978,16.31885,0.13232,73,1,-0.31266,1.17890,1,0.33229,0.21111,0, ,0,,0.30493,0.68601,19.32317,0.60320,1,0.34106,0.67878,13.56725,0.60320,0,0,0.00000,8,4.38248,1,4.19344,0,0.00000,0,0,0,0,0,0,0.000,1,1,1,1,1,1,1,0,0.00000,0,,94.65812,39.83124,0,
0,ACUA User Study,2391,16.59863,744858502213,-0.32137,1.21614,16.45801,0.14062,74,1,-0.31461,1.25376,1,0.33229,0.21111,0, ,0,,0.30632,0.68544,18.49207,0.60320,1,0.34106,0.67878,13.56725,0.60320,0,0,0.00000,8,4.23170,1,4.19344,0,0.00000,0,0,0,0,0,0,0.000,1,1,1,1,1,1,1,0,0.00000,0,,6.90753,276.06271,0,
0,ACUA User Study,2416,16.76709,744860188747,-0.33502,1.19769,16.60498,0.16211,75,1,-0.42312,0.99541,1,0.33229,0.21111,0, ,0,,0.30823,0.68155,17.44201,0.60320,1,0.34106,0.67878,13.56725,0.60320,0,0,0.00000,8,4.17260,1,4.19344,0,0.00000,0,0,0,0,0,0,0.000,1,1,1,1,1,1,1,0,0.00000,0,,32.92273,142.75417,0,
0,ACUA User Study,2462,17.07422,744863258237,-0.40279,0.98738,16.79297,0.28125,76,1,-0.38358,1.02723,1,0.33229,0.21111,0, ,0,,0.31137,0.68091,18.05278,0.60320,1,0.34106,0.67878,13.56725,0.60320,0,0,0.00000,8,4.27440,1,4.19344,0,0.00000,0,0,0,0,0,0,0.000,1,1,1,1,1,1,1,0,0.00000,0,,261.76517,119.80705,0,
0,ACUA User Study,2490,17.26172,744865133762,-0.36408,1.00650,17.08350,0.17822,77,1,-0.33971,0.94195,1,0.33229,0.21111,0, ,0,,0.31284,0.68026,18.33296,0.60320,1,0.34106,0.67878,13.56725,0.60320,0,0,0.00000,8,4.29520,1,4.19344,0,0.00000,0,0,0,0,0,0,0.000,1,1,1,1,1,1,1,0,0.00000,0,,77.13844,344.47287,0,
0,ACUA User Study,2526,17.50293,744867545497,-0.33638,0.96014,17.26855,0.23438,78,1,-0.32912,0.91577,1,0.33229,0.21111,0, ,0,,0.31233,0.67817,18.58868,0.60320,1,0.34106,0.67878,13.56725,0.60320,0,0,0.00000,8,4.34548,1,4.19344,0,0.00000,0,0,0,0,0,0,0.000,1,1,1,1,1,1,1,0,0.00000,0,,73.04403,43.27189,0,
0,ACUA User Study,2570,17.79736,744870492326,-0.35129,0.93787,17.50928,0.28809,79,1,-0.35767,0.98986,1,0.33229,0.21111,0, ,0,,0.31147,0.67773,18.88202,0.60320,1,0.34106,0.67878,13.56725,0.60320,0,0,0.00000,8,4.45104,1,4.19344,0,0.00000,0,0,0,0,0,0,0.000,1,1,1,1,1,1,1,0,0.00000,0,,37.38973,139.96426,0,
0,ACUA User Study,2588,17.91797,744871698491,-0.36569,0.97566,17.80420,0.11377,80,1,-0.33126,1.19141,1,0.33229,0.21111,0, ,0,,0.31225,0.67631,17.97374,0.60320,1,0.34106,0.67878,13.56725,0.60320,0,0,0.00000,8,4.24390,1,4.19344,0,0.00000,0,0,0,0,0,0,0.000,1,1,1,1,1,1,1,0,0.00000,0,,49.29624,235.88518,0,
0,ACUA User Study,2640,18.34766,744875992308,-0.30023,0.96132,18.16748,0.18018,81,1,-0.28225,1.00005,1,0.33229,0.21111,0, ,0,,0.32084,0.67244,20.55162,0.60320,1,0.34106,0.67878,13.56725,0.60320,0,0,0.00000,9,4.82740,1,4.19344,0,0.00000,0,0,0,0,0,0,0.000,1,1,1,1,1,1,1,0,0.00000,0,,126.63377,7.02480,0,
0,ACUA User Study,2690,18.70850,744879602571,-0.26175,0.95003,18.35352,0.35498,82,1,-0.23420,0.98155,1,0.33229,0.21111,0, ,0,,0.32526,0.67237,20.35317,0.60320,1,0.34106,0.67878,13.56725,0.60320,0,0,0.00000,9,4.76910,1,4.19344,0,0.00000,0,0,0,0,0,0,0.000,1,1,1,1,1,1,1,0,0.00000,0,,74.88095,9.37139,0,
0,ACUA User Study,2746,19.12402,744883755318,-0.20273,0.96717,18.71533,0.40869,83,1,-0.16804,0.91781,1,0.33229,0.21111,0, ,0,,0.32868,0.67197,20.22122,0.60320,1,0.34106,0.67878,13.56725,0.60320,0,0,0.00000,9,4.73948,1,4.19344,0,0.00000,0,0,0,0,0,0,0.000,1,1,1,1,1,1,1,0,0.00000,0,,114.82040,350.72241,0,
0,ACUA User Study,2794,19.47900,744887307714,-0.16192,0.96871,19.13037,0.34863,84,1,-0.13154,0.97365,1,0.33229,0.21111,0, ,0,,0.33816,0.66938,20.74153,0.60320,1,0.34106,0.67878,13.56725,0.60320,0,0,0.00000,9,4.71008,1,4.19344,0,0.00000,0,0,0,0,0,0,0.000,1,1,1,1,1,1,1,0,0.00000,0,,78.37287,358.78400,0,
0,ACUA User Study,2846,19.82715,744890788802,-0.10394,0.95516,19.48584,0.34131,85,1,0.08247,0.85270,1,0.33229,0.21111,0, ,0,,0.35938,0.66240,19.22663,0.60320,1,0.34106,0.67878,13.56725,0.60320,0,0,0.00000,9,5.65662,1,4.19344,0,0.00000,0,0,0,0,0,0,0.000,1,1,1,1,1,1,1,0,0.00000,0,,112.27932,7.48894,0,
0,ACUA User Study,2899,20.19531,744894472935,0.72635,0.24546,19.89404,0.30127,86,1,0.74190,0.18860,1,0.33229,0.21111,0, ,0,,0.45595,0.65299,20.47328,0.84998,1,0.34106,0.67878,13.56725,0.84998,0,0,0.00000,9,4.49845,1,4.19344,0,0.00000,0,0,0,0,0,0,0.000,1,1,1,1,1,1,1,0,0.00000,0,,1768.84753,25.67841,0,
0,ACUA User Study,2920,20.33594,744895879215,0.76661,0.19819,20.20215,0.13379,87,1,0.87274,0.20287,1,0.33229,0.21111,0, ,0,,0.48974,0.65131,20.39587,0.84998,1,0.34106,0.67878,13.56725,0.84998,0,0,0.00000,9,4.46281,1,4.19344,0,0.00000,0,0,0,0,0,0,0.000,1,1,1,1,1,1,1,0,0.00000,0,,92.63602,33.44243,0,
0,ACUA User Study,2928,20.39355,744896453598,0.92285,0.20763,20.36865,0.02490,88,1,0.90992,0.22681,1,0.33229,0.21111,0, ,0,,0.50531,0.65283,19.30831,0.86513,1,0.34106,0.67878,13.56725,0.86010,0,0,0.00000,9,4.50526,1,4.19344,0,0.00000,0,0,0,0,0,0,0.000,1,1,1,1,1,1,1,0,0.00000,0,,300.15402,358.05350,0,
0,ACUA User Study,2963,20.62402,744898759678,0.47459,0.27209,20.41650,0.20752,89,1,0.51375,0.25032,1,0.33229,0.21111,0, ,0,,0.32616,0.68483,19.25628,0.88542,1,0.57788,0.66538,18.94214,0.88039,1,0,0.00000,9,3.85952,1,4.10056,1,0.00000,0,0,0,0,0,0,0.000,1,1,1,1,1,1,1,0,0.00000,0,,863.47021,184.62447,0,
0,ACUA User Study,2999,20.87988,744901317228,0.88836,0.24158,20.67139,0.20850,90,1,0.91616,0.27014,1,0.33229,0.21111,0, ,0,,0.36822,0.67959,18.24564,0.85506,1,0.62111,0.67735,18.57891,0.85506,1,0,0.00000,9,4.28641,1,4.50304,1,0.00000,0,0,0,0,0,0,0.000,1,1,1,1,1,1,1,0,0.00000,0,,795.12146,2.37509,0,
0,ACUA User Study,3020,21.02539,744902770158,0.95031,0.20808,20.88525,0.14014,91,1,0.96096,0.19161,1,0.33229,0.21111,0, ,0,,0.36562,0.68077,18.12081,0.88671,1,0.61936,0.67531,17.68373,0.88168,1,0,0.00000,9,4.34670,1,3.95314,1,0.00000,0,0,0,0,0,0,0.000,1,1,1,1,1,1,1,0,0.00000,0,,124.32482,16.91855,0,
0,ACUA User Study,3036,21.12988,744903815901,0.91006,0.20737,21.03027,0.09961,92,1,0.59474,0.16099,1,0.33229,0.21111,0, ,0,,0.35226,0.68235,18.77502,0.90164,1,0.60573,0.67198,20.37587,0.90164,1,0,0.00000,9,4.09792,1,4.25346,1,0.00000,0,0,0,0,0,0,0.000,1,1,1,1,1,1,1,0,0.00000,0,,77.28384,179.43152,0,
0,ACUA User Study,3062,21.30273,744905545355,0.08387,0.33649,21.17334,0.12939,93,1,0.09854,0.37031,1,0.33229,0.21111,0, ,0,,0.33010,0.71082,19.58618,0.86010,1,0.58362,0.69310,20.22974,0.86010,1,0,0.00000,9,4.23290,1,4.10199,1,0.00000,0,0,0,0,0,0,0.000,1,1,1,1,1,1,1,0,0.00000,0,,1592.40247,185.02393,0,
0,ACUA User Study,3091,21.49561,744907474529,0.08389,0.38454,21.30762,0.18799,94,1,0.04156,0.47176,1,0.33229,0.21111,0, ,0,,0.34961,0.68980,19.83373,0.87111,1,0.60129,0.68416,20.74493,0.88168,1,0,0.00000,9,4.47381,1,4.10533,1,0.00000,0,0,0,0,0,0,0.000,1,1,1,1,1,1,1,0,0.00000,0,,51.89400,270.04242,0,
0,ACUA User Study,3113,21.64258,744908942240,0.04872,0.45143,21.50195,0.14062,95,1,0.04732,0.25929,1,0.33229,0.21111,0, ,0,,0.34999,0.69736,20.55013,0.88537,1,0.60047,0.68420,20.91856,0.89090,1,0,0.00000,9,4.53010,1,4.42972,1,0.00000,0,0,0,0,0,0,0.000,1,1,1,1,1,1,1,0,0.00000,0,,98.88684,226.93204,0,
0,ACUA User Study,3142,21.83643,744910883931,0.03586,0.32697,21.64941,0.18701,96,1,0.05893,0.29980,1,0.33229,0.21111,0, ,0,,0.33350,0.69877,20.78887,0.88626,1,0.58430,0.67640,21.38603,0.89180,1,0,0.00000,9,4.52616,1,4.50627,1,0.00000,0,0,0,0,0,0,0.000,1,1,1,1,1,1,1,0,0.00000,0,,136.66576,100.40870,0,
0,ACUA User Study,3159,21.95117,744912029050,0.04754,0.32744,21.84326,0.10791,97,1,0.04699,0.34147,1,0.33229,0.21111,0, ,0,,0.32212,0.70113,20.91566,0.86507,1,0.57285,0.67413,21.17074,0.86004,1,0,0.00000,9,4.42316,1,4.55998,1,0.00000,0,0,0,0,0,0,0.000,1,1,1,1,1,1,1,0,0.00000,0,,22.43135,358.70343,0,
0,ACUA User Study,3190,22.17139,744914233518,0.06150,0.35092,21.95703,0.21436,98,1,0.11691,0.29517,1,0.33229,0.21111,0, ,0,,0.31390,0.70212,21.39924,0.86054,1,0.56493,0.67183,21.44832,0.87111,1,0,0.00000,9,4.48411,1,4.43294,1,0.00000,0,0,0,0,0,0,0.000,1,1,1,1,1,1,1,0,0.00000,0,,36.89797,316.58661,0,
0,ACUA User Study,3210,22.30566,744915574500,0.05641,0.30966,22.17822,0.12744,99,1,0.04879,0.35357,1,0.33229,0.21111,0, ,0,,0.31021,0.70409,21.54554,0.84998,1,0.56113,0.67044,21.89337,0.85501,1,0,0.00000,9,4.42718,1,4.51998,1,0.00000,0,0,0,0,0,0,0.000,1,1,1,1,1,1,1,0,0.00000,0,,45.61986,102.36992,0,
0,ACUA User Study,3251,22.58252,744918340873,0.05439,0.36770,22.31250,0.27002,100,1,0.06288,0.27363,1,0.33229,0.21111,0, ,0,,0.30055,0.70841,22.42832,0.86546,1,0.55141,0.66737,22.82125,0.86546,1,0,0.00000,9,4.64353,1,4.72508,1,0.00000,0,0,0,0,0,0,0.000,1,1,1,1,1,1,1,0,0.00000,0,,62.80307,266.45944,0,
0,ACUA User Study,3315,23.02881,744922806460,0.04869,0.37736,22.58691,0.44189,101,1,0.08905,0.41583,1,0.33229,0.21111,0, ,0,,0.28468,0.71659,22.74474,0.83160,1,0.53461,0.66941,22.62472,0.83619,1,0,0.00000,9,4.65090,1,4.73680,1,0.00000,0,0,0,0,0,0,0.000,1,1,1,1,1,1,1,0,0.00000,0,,15.12000,223.63011,0,
0,ACUA User Study,3349,23.25732,744925089694,0.05367,0.37464,23.03564,0.22168,102,1,0.05856,0.44589,1,0.33229,0.21111,0, ,0,,0.28575,0.71433,23.15073,0.83140,1,0.53630,0.66766,23.07773,0.83140,1,0,0.00000,9,4.70187,1,4.90196,1,0.00000,0,0,0,0,0,0,0.000,1,1,1,1,1,1,1,0,0.00000,0,,10.00270,17.07858,0,
0,ACUA User Study,3402,23.62549,744928771380,0.05118,0.38421,23.26416,0.36133,103,1,0.04857,0.40850,1,0.33229,0.21111,0, ,0,,0.28505,0.71429,23.22224,0.84533,1,0.53571,0.66884,23.44338,0.84533,1,0,0.00000,9,4.89269,1,4.96954,1,0.00000,0,0,0,0,0,0,0.000,1,1,1,1,1,1,1,0,0.00000,0,,11.38774,245.17679,0,
0,ACUA User Study,3423,23.79688,744930484814,0.07050,0.36836,23.63477,0.16211,104,1,0.24155,0.29514,1,0.33229,0.21111,0, ,0,,0.29539,0.71093,23.26263,0.83604,1,0.55016,0.67072,23.70712,0.83145,1,0,0.00000,9,5.12323,1,5.11852,1,0.00000,0,0,0,0,0,0,0.000,1,1,1,1,1,1,1,0,0.00000,0,,40.85362,24.77190,0,
0,ACUA User Study,3453,24.02686,744932788423,0.30209,0.31206,23.82959,0.19727,105,1,0.32412,0.33478,1,0.33229,0.21111,0, ,0,,0.30782,0.69641,23.56074,0.86004,1,0.56129,0.66236,23.99629,0.86507,1,0,0.00000,9,5.01593,1,5.12935,1,0.00000,0,0,0,0,0,0,0.000,1,1,1,1,1,1,1,0,0.00000,0,,448.79083,7.78661,0,
0,ACUA User Study,3480,24.20801,744934595863,0.31909,0.29570,24.03369,0.17432,106,1,0.31468,0.24588,1,0.33229,0.21111,0, ,0,,0.31682,0.69213,23.03217,0.88118,1,0.56939,0.66131,23.49128,0.88671,1,0,0.00000,9,5.03220,1,5.04707,1,0.00000,0,0,0,0,0,0,0.000,1,1,1,1,1,1,1,0,0.00000,0,,37.11551,28.42766,0,
0,ACUA User Study,3494,24.32031,744935721666,0.45702,0.23818,24.21680,0.10352,107,1,0.83384,0.24510,1,0.33229,0.21111,0, ,0,,0.32555,0.68676,22.54980,0.85506,1,0.57749,0.65849,23.09548,0.85047,1,0,0.00000,9,4.86703,1,4.82027,1,0.00000,0,0,0,0,0,0,0.000,1,1,1,1,1,1,1,0,0.00000,0,,272.01416,13.20150,0,
0,ACUA User Study,3530,24.56299,744938145806,0.87643,0.31566,24.34326,0.21973,108,1,0.90894,0.22820,1,0.33229,0.21111,0, ,0,,0.31929,0.69030,22.62348,0.87536,1,0.57349,0.65720,23.27711,0.88039,1,0,0.00000,9,4.69912,1,4.76021,1,0.00000,0,0,0,0,0,0,0.000,1,1,1,1,1,1,1,0,0.00000,0,,809.60315,354.06747,0,
0,ACUA User Study,3553,24.73730,744939892457,0.91220,0.28423,24.57031,0.16699,109,1,0.91384,0.27353,1,0.33229,0.21111,0, ,0,,0.32167,0.68934,22.76320,0.87032,1,0.57667,0.65728,23.56834,0.87032,1,0,0.00000,9,4.66038,1,4.77020,1,0.00000,0,0,0,0,0,0,0.000,1,1,1,1,1,1,1,0,0.00000,0,,76.60900,26.30099,0,
0,ACUA User Study,3587,24.96484,744942165607,0.90122,0.31081,24.74463,0.22021,110,1,0.68849,0.28006,1,0.33229,0.21111,0, ,0,,0.31513,0.69067,22.01336,0.84122,1,0.57048,0.65729,22.90966,0.85085,1,0,0.00000,9,4.87803,1,4.83769,1,0.00000,0,0,0,0,0,0,0.000,1,1,1,1,1,1,1,0,0.00000,0,,35.61587,233.70703,0,
0,ACUA User Study,3626,25.22607,744944776429,0.06271,0.42062,25.03174,0.19434,111,1,0.08229,0.42258,1,0.33229,0.21111,0, ,0,,0.26245,0.70702,22.79775,0.82690,1,0.51105,0.64726,20.85471,0.83150,1,0,0.00000,9,4.85701,1,4.91469,1,0.00000,0,0,0,0,0,0,0.000,1,1,1,1,1,1,1,0,0.00000,0,,1614.30139,184.21303,0,
0,ACUA User Study,3640,25.35889,744946108458,0.10049,0.39080,25.23242,0.12646,112,1,0.05910,0.40351,0,0.32552,0.20556,0, ,0,,0.24309,0.70802,29.13684,0.84998,0,0.48994,0.63029,13.93676,0.84998,0,0,0.00000,9,7.04644,0,4.27341,0,0.00000,0,0,0,0,0,0,0.000,1,1,1,1,1,1,1,0,0.00000,0,,79.36562,23.94050,0,
0,ACUA User Study,3670,25.70020,744949519016,0.07268,0.35905,25.58350,0.11670,113,1,0.10495,0.35848,1,0.26927,0.19444,0, ,0,,0.24770,0.70287,23.09159,0.80566,1,0.49942,0.63768,20.71932,0.79685,1,0,0.00000,10,4.90487,1,4.78629,1,0.00000,0,0,0,0,0,0,0.000,1,1,1,1,1,1,1,0,0.00000,0,,63.45747,147.29175,0,
0,ACUA User Study,3693,25.85547,744951071791,0.11317,0.40109,25.70752,0.14795,114,1,0.07457,0.40346,1,0.21094,0.24167,0, ,0,,0.25722,0.70362,22.92271,0.82685,1,0.50858,0.64089,17.59148,0.82226,1,0,0.00000,10,4.69462,1,4.97950,1,0.00000,0,0,0,0,0,0,0.000,1,1,1,1,1,1,1,0,0.00000,0,,90.02821,329.71368,0,
0,ACUA User Study,3713,26.00146,744952532543,0.09176,0.44789,25.86328,0.13818,115,1,0.09455,0.59271,1,0.12083,0.26019,0, ,0,,0.25951,0.70124,22.14125,0.77914,1,0.50987,0.63813,15.99663,0.77914,1,0,0.00000,10,4.59599,1,4.70433,1,0.00000,0,0,0,0,0,0,0.000,1,1,1,1,1,1,1,0,0.00000,0,,65.14983,230.87874,0,
0,ACUA User Study,3836,26.83350,744960853458,-0.07692,-0.08058,26.80029,0.03320,116,1,-0.02642,0.10027,1,0.06615,0.28148,0, ,0,,0.26777,0.70529,22.79543,0.95402,1,0.51840,0.64407,16.62411,0.92594,1,0,0.00000,10,4.52067,1,4.83510,1,0.00000,0,0,0,0,0,0,0.000,1,1,1,1,1,1,1,0,0.00000,0,,656.23303,119.57235,0,
0,ACUA User Study,3868,27.08301,744963347095,-0.08142,-0.00602,26.90088,0.18213,117,1,-0.09667,0.01111,1,0.06615,0.28148,0, ,0,,0.26802,0.70482,21.78977,1.01840,1,0.51943,0.64600,19.69933,1.02520,1,0,0.00000,10,4.56204,1,4.59164,1,0.00000,0,0,0,0,0,0,0.000,1,1,1,1,1,1,1,0,0.00000,0,,80.98700,263.87582,0,
0,ACUA User Study,3875,27.12842,744963800792,0.07278,1.08912,27.11377,0.01465,118,1,0.09605,0.37408,1,0.06615,0.28148,0, ,0,,0.26905,0.70422,22.16264,0.81302,1,0.52065,0.64619,20.27060,0.84110,1,0,0.00000,10,4.62619,1,4.59567,1,0.00000,0,0,0,0,0,0,0.000,1,1,1,1,1,1,1,0,0.00000,0,,1219.24341,284.05341,0,
0,ACUA User Study,3898,27.28223,744965340589,0.38428,0.30677,27.19580,0.08643,119,1,0.38292,0.41136,1,0.06615,0.28148,0, ,0,,0.28400,0.70005,22.51898,0.84998,1,0.53678,0.64900,21.37889,0.84998,1,0,0.00000,10,4.50749,1,4.58258,1,0.00000,0,0,0,0,0,0,0.000,1,1,1,1,1,1,1,0,0.00000,0,,1035.19080,54.70766,0,
0,ACUA User Study,3924,27.47119,744967230464,0.37733,0.33949,27.29053,0.18066,120,1,0.23805,0.37607,1,0.06615,0.28148,0, ,0,,0.29221,0.69722,22.74897,0.82685,1,0.54561,0.65025,21.29499,0.82226,1,0,0.00000,10,4.56786,1,4.75932,1,0.00000,0,0,0,0,0,0,0.000,1,1,1,1,1,1,1,0,0.00000,0,,37.77311,249.31284,0,
0,ACUA User Study,3934,27.54346,744967954307,0.06470,1.84110,27.52686,0.01660,121,1,0.07726,2.58122,1,0.06615,0.28148,0, ,0,,0.28894,0.69615,22.26006,0.80566,1,0.54164,0.64841,20.87940,0.79685,1,0,0.00000,10,4.48247,1,4.51159,1,0.00000,0,0,0,0,0,0,0.000,1,1,1,1,1,1,1,0,0.00000,0,,1729.25891,249.68912,0,
0,ACUA User Study,3959,27.71484,744969667017,0.06671,0.35317,27.59082,0.12402,122,1,0.03989,0.04687,1,0.06615,0.28148,0, ,0,,0.28646,0.69858,21.14112,0.82226,1,0.53902,0.64823,21.80405,1.10408,1,0,0.00000,10,4.62380,1,4.31008,1,0.00000,0,0,0,0,0,0,0.000,1,1,1,1,1,1,1,0,0.00000,0,,1606.96899,89.86240,0,
0,ACUA User Study,3995,27.95215,744972039931,0.05639,0.44530,27.77832,0.17383,123,1,0.02462,0.38177,1,0.06615,0.28148,0, ,0,,0.28116,0.70142,21.38327,0.86048,1,0.53357,0.65015,21.15115,0.86507,1,0,0.00000,10,4.41303,1,4.56078,1,0.00000,0,0,0,0,0,0,0.000,1,1,1,1,1,1,1,0,0.00000,0,,101.45412,258.73752,0,
0,ACUA User Study,4022,28.16357,744974155298,0.03019,0.35458,27.95898,0.20459,124,1,-0.07939,0.51911,1,0.06615,0.28148,0, ,0,,0.27299,0.70393,21.76895,0.81766,1,0.52414,0.64870,22.40097,0.81766,1,0,0.00000,10,4.45684,1,4.56555,1,0.00000,0,0,0,0,0,0,0.000,1,1,1,1,1,1,1,0,0.00000,0,,110.13677,117.17702,0,
0,ACUA User Study,4042,28.29395,744975456650,-0.35752,1.04015,28.24707,0.04688,125,1,-0.51952,0.99623,0,0.06615,0.28148,0, ,0,,0.22540,0.73008,19.03042,1.46143,1,0.46632,0.65345,20.09376,1.55831,1,0,0.00000,10,4.69465,1,4.38432,1,0.00000,0,0,0,0,0,0,0.000,1,1,1,1,1,1,1,0,0.00000,0,,1049.92932,224.84613,0,
0,ACUA User Study,4274,29.86133,744991131847,-3.15874,-4.68916,29.78076,0.08057,126,1,-3.05211,-4.27177,1,0.06615,0.28148,0, ,0,,0.13507,0.76951,19.32738,2.33748,1,0.35787,0.65367,19.93988,2.33748,1,0,0.00000,10,5.14361,1,4.53068,1,0.00000,0,0,0,0,0,0,0.000,1,1,1,1,1,1,1,0,0.00000,0,,8198.39160,130.99734,0,
0,ACUA User Study,4302,30.05566,744993072035,0.40538,0.60726,29.95508,0.10059,127,1,0.87592,0.52011,1,0.15156,0.31204,0, ,0,,0.46151,0.65100,21.14889,0.81302,1,0.45579,0.65050,20.41801,0.81302,0,0,0.00000,10,5.44203,1,4.62842,0,0.00000,0,0,0,0,0,0,0.000,1,1,1,1,1,1,1,0,0.00000,0,,8918.97266,320.10785,0,
0,ACUA User Study,4320,30.17578,744994275764,0.81940,0.49148,30.08252,0.09326,128,1,0.43098,0.58407,1,0.47500,0.38889,0, ,0,,0.25800,0.70488,19.16962,0.82685,1,0.51050,0.65104,19.42982,0.83145,1,0,0.00000,10,4.96953,1,4.65490,1,0.00000,0,0,0,0,0,0,0.000,1,1,1,1,1,1,1,0,0.00000,0,,804.69305,8.93950,0,
0,ACUA User Study,4340,30.31445,744995663341,0.45871,0.52505,30.20557,0.10889,129,1,0.42974,0.37714,1,0.54583,0.39074,0, ,0,,0.29562,0.69101,21.52953,0.84998,1,0.55038,0.65394,20.57248,0.84998,1,0,0.00000,10,4.15943,1,4.12296,1,0.00000,0,0,0,0,0,0,0.000,1,1,1,1,1,1,1,0,0.00000,0,,693.47321,182.99686,0,
0,ACUA User Study,4362,30.45752,744997091452,0.43100,0.39578,30.33740,0.12012,130,1,0.42888,0.58724,1,0.54583,0.38981,0, ,0,,0.31944,0.68854,19.54104,0.85540,1,0.57675,0.66105,20.26325,0.85036,1,0,0.00000,10,4.20831,1,3.99643,1,0.00000,0,0,0,0,0,0,0.000,1,1,1,1,1,1,1,0,0.00000,0,,149.40538,110.86085,0,
0,ACUA User Study,4402,30.72559,744999773757,0.44015,0.65768,30.48486,0.24072,131,1,0.53386,0.75397,1,0.54583,0.38981,0, ,0,,0.33146,0.68630,19.87518,0.81006,1,0.59130,0.66328,19.04089,0.81465,1,0,0.00000,10,3.77413,1,3.90006,1,0.00000,0,0,0,0,0,0,0.000,1,1,1,1,1,1,1,0,0.00000,0,,283.39703,273.55408,0,
0,ACUA User Study,4444,31.00684,745002584748,0.56970,0.71142,30.75342,0.25342,132,1,0.54023,0.52548,1,0.54583,0.38981,0, ,0,,0.33630,0.68324,20.03039,0.84998,1,0.59527,0.66338,20.26261,0.84538,1,0,0.00000,10,4.05140,1,4.21099,1,0.00000,0,0,0,0,0,0,0.000,1,1,1,1,1,1,1,0,0.00000,0,,255.41757,346.86578,0,
0,ACUA User Study,4481,31.25439,745005063450,0.44135,0.31873,31.03369,0.22070,133,1,0.30724,0.22670,1,0.54583,0.38981,0, ,0,,0.32864,0.68159,19.59203,0.83609,1,0.58804,0.65833,19.94982,0.83150,1,0,0.00000,10,4.10685,1,4.10624,1,0.00000,0,0,0,0,0,0,0.000,1,1,1,1,1,1,1,0,0.00000,0,,490.50375,120.15930,0,
0,ACUA User Study,4518,31.50977,745007616729,0.23556,0.25691,31.28125,0.22852,134,1,0.32812,0.33520,1,0.49687,0.38889,0, ,0,,0.32148,0.68481,20.20443,0.81863,1,0.58052,0.65734,20.70391,0.81863,1,0,0.00000,10,4.07033,1,4.14866,1,0.00000,0,0,0,0,0,0,0.000,1,1,1,1,1,1,1,0,0.00000,0,,400.71802,170.40894,0,
0,ACUA User Study,4552,31.73975,745009916522,0.46137,0.33050,31.53857,0.20117,135,1,0.42235,0.37350,1,0.48021,0.36667,0, ,0,,0.32280,0.68513,21.32399,0.83160,1,0.58228,0.65791,21.39490,0.83160,1,0,0.00000,10,4.31355,1,4.21726,1,0.00000,0,0,0,0,0,0,0.000,1,1,1,1,1,1,1,0,0.00000,0,,440.77966,349.61215,0,
0,ACUA User Study,4596,32.03857,745012900813,0.41104,0.34515,31.75146,0.28711,136,1,0.44758,0.42674,1,0.45469,0.33426,0, ,0,,0.32082,0.68609,20.87513,0.80059,1,0.57985,0.65683,21.46314,0.80518,1,0,0.00000,9,4.17711,1,4.20758,1,0.00000,0,0,0,0,0,0,0.000,1,1,1,1,1,1,1,0,0.00000,0,,97.92026,189.29865,0,
0,ACUA User Study,4650,32.40674,745016584017,0.44694,0.35835,32.04492,0.36182,137,1,0.42608,0.30524,1,0.44115,0.33426,0, ,0,,0.32055,0.68529,21.21554,0.84998,1,0.57933,0.65677,21.89534,0.84998,1,0,0.00000,9,4.25326,1,4.23388,1,0.00000,0,0,0,0,0,0,0.000,1,1,1,1,1,1,1,0,0.00000,0,,70.38679,348.31458,0,
0,ACUA User Study,4692,32.70117,745019531596,0.45567,0.36366,32.41699,0.28418,138,1,0.62839,0.21499,1,0.44115,0.33426,0, ,0,,0.32578,0.67864,21.45795,0.85501,1,0.58222,0.65139,22.43080,0.86004,1,0,0.00000,9,4.34558,1,4.59200,1,0.00000,0,0,0,0,0,0,0.000,1,1,1,1,1,1,1,0,0.00000,0,,17.71550,341.11215,0,
0,ACUA User Study,4717,32.88281,745021346333,0.91661,0.23969,32.75000,0.13281,139,1,0.90934,0.24012,1,0.44115,0.33426,0, ,0,,0.33321,0.67398,20.99995,0.85501,1,0.58610,0.64850,22.22542,0.84998,1,0,0.00000,9,4.54981,1,4.64246,1,0.00000,0,0,0,0,0,0,0.000,1,1,1,1,1,1,1,0,0.00000,0,,895.07507,8.60273,0,
0,ACUA User Study,4750,33.10303,745023549767,0.92278,0.20417,32.88916,0.21387,140,1,0.80581,0.15859,1,0.44115,0.33426,0, ,0,,0.34756,0.64970,20.93034,0.87525,1,0.59932,0.62139,19.75427,0.87022,1,0,0.00000,9,4.56255,1,4.24861,1,0.00000,0,0,0,0,0,0,0.000,1,1,1,1,1,1,1,0,0.00000,0,,40.14907,72.83897,0,
0,ACUA User Study,4771,33.24463,745024963191,0.81265,0.24361,33.10986,0.13477,141,1,0.64615,0.31037,1,0.44115,0.33426,0, ,0,,0.36946,0.63381,20.99699,0.84998,1,0.62519,0.61675,20.33810,0.84998,1,0,0.00000,9,4.11264,1,4.38059,1,0.00000,0,0,0,0,0,0,0.000,1,1,1,1,1,1,1,0,0.00000,0,,215.69707,191.38947,0,
0,ACUA User Study,4792,33.40381,745026556816,0.51139,0.37530,33.27051,0.13330,142,1,0.52246,0.41572,1,0.44115,0.33426,0, ,0,,0.38778,0.62518,20.23156,0.81302,1,0.64594,0.61074,20.01454,0.81302,1,0,0.00000,9,4.40317,1,4.56737,1,0.00000,0,0,0,0,0,0,0.000,1,1,1,1,1,1,1,0,0.00000,0,,595.64832,193.81418,0,
0,ACUA User Study,4807,33.50146,745027530625,0.49799,0.34856,33.40918,0.09229,143,1,0.50968,0.33857,1,0.44115,0.33426,0, ,0,,0.42417,0.65732,21.34181,0.82735,1,0.67989,0.64356,22.19675,0.83238,1,0,0.00000,9,4.34837,1,4.37062,1,0.00000,0,0,0,0,0,0,0.000,1,1,1,1,1,1,1,0,0.00000,0,,38.67732,131.69728,0,
0,ACUA User Study,4833,33.67285,745029243938,0.30653,0.26449,33.54541,0.12744,144,1,0.37943,0.41062,1,0.44115,0.33426,0, ,0,,0.49769,0.74818,21.13598,0.89045,1,0.74467,0.75213,19.30187,0.89045,1,0,0.00000,9,5.15325,1,5.07477,1,0.00000,0,0,0,0,0,0,0.000,1,1,1,1,1,1,1,0,0.00000,0,,378.65021,166.12602,0,
0,ACUA User Study,4851,33.79297,745030449115,0.32492,0.30312,33.70166,0.09131,145,1,0.17427,0.02772,1,0.44115,0.33426,0, ,0,,0.50727,0.76804,21.13111,0.96577,1,0.74910,0.77503,17.40679,0.97189,1,0,0.00000,9,4.49856,1,4.54096,1,0.00000,0,0,0,0,0,0,0.000,1,1,1,1,1,1,1,0,0.00000,0,,54.65621,310.24188,0,
0,ACUA User Study,4874,33.94727,745031988354,0.23338,0.07469,33.82129,0.12598,146,1,0.20622,0.14560,1,0.44115,0.33426,0, ,0,,0.48791,0.73839,21.36225,0.93498,1,0.73047,0.74255,18.71071,0.93498,1,0,0.00000,9,4.59006,1,4.67514,1,0.00000,0,0,0,0,0,0,0.000,1,1,1,1,1,1,1,0,0.00000,0,,302.90842,125.46677,0,
0,ACUA User Study,4892,34.08105,745033330194,0.22194,0.05158,33.95410,0.12695,147,1,0.22198,-0.01831,1,0.44115,0.33426,0, ,0,,0.46322,0.69963,23.03598,0.92944,1,0.71121,0.69913,18.99855,1.28373,1,0,0.00000,9,4.77776,1,4.83741,1,0.00000,0,0,0,0,0,0,0.000,1,1,1,1,1,1,1,0,0.00000,0,,33.24747,131.34917,0,
0,ACUA User Study,4934,34.36230,745036142241,0.50840,0.34257,34.16846,0.19385,148,1,0.52959,0.50209,1,0.44115,0.33426,0, ,0,,0.43339,0.64348,23.51201,0.81762,1,0.69442,0.64005,24.32980,0.81302,1,0,0.00000,9,4.65777,1,4.83856,1,0.00000,0,0,0,0,0,0,0.000,1,1,1,1,1,1,1,0,0.00000,0,,633.45782,330.25656,0,
0,ACUA User Study,4950,34.50000,745037515757,0.47778,0.34789,34.37109,0.12891,149,1,0.47377,0.28772,1,0.44115,0.33426,0, ,0,,0.42482,0.63279,24.50401,0.84998,1,0.68950,0.62771,25.03486,0.84998,1,0,0.00000,9,4.90059,1,5.24229,1,0.00000,0,0,0,0,0,0,0.000,1,1,1,1,1,1,1,0,0.00000,0,,59.07050,185.58179,0,
0,ACUA User Study,4982,34.73096,745039828099,0.52475,0.37190,34.50928,0.22168,150,1,0.54004,0.42959,1,0.44115,0.33426,0, ,0,,0.41621,0.63097,23.51952,0.80029,1,0.68235,0.62473,22.36495,0.79608,1,0,0.00000,9,4.74025,1,5.05535,1,0.00000,0,0,0,0,0,0,0.000,1,1,1,1,1,1,1,0,0.00000,0,,93.83638,343.95810,0,
0,ACUA User Study,4998,34.83838,745040899808,0.54124,0.37230,34.73779,0.10059,151,1,0.53639,0.33742,1,0.44115,0.33426,0, ,0,,0.41089,0.59203,24.37441,0.77233,1,0.68165,0.58985,26.07198,0.76424,1,0,0.00000,9,5.26890,1,5.49165,1,0.00000,0,0,0,0,0,0,0.000,1,1,1,1,1,1,1,0,0.00000,0,,31.66371,359.21826,0,
0,ACUA User Study,5002,34.86523,745041168021,0.51887,0.40613,34.84473,0.02051,152,1,0.49269,0.41689,1,0.44115,0.33426,0, ,0,,0.40859,0.57864,23.94036,0.77527,1,0.68030,0.57267,20.10782,0.77914,1,0,0.00000,9,4.67841,1,4.84816,1,0.00000,0,0,0,0,0,0,0.000,1,1,1,1,1,1,1,0,0.00000,0,,56.38833,220.38667,0,
0,ACUA User Study,5190,37.61816,745068697084,1.27729,1.40114,37.58057,0.03760,153,1,1.27729,1.40114,0,0.44115,0.33426,0, ,0,,0.93390,0.28280,7.47371,0.77914,1,0.91931,0.14424,20.22620,0.77914,0,0,0.00000,11,5.27979,1,13.37759,0,0.00000,0,0,0,0,0,0,0.000,1,1,1,1,1,1,1,0,0.00000,0,,1809.75378,323.57370,0,
0,ACUA User Study,6941,69.63721,745388887153,1.08350,1.74183,69.52344,0.11377,154,1,1.10863,1.67698,0,0.44115,0.33426,0, ,0,,0.76630,0.50319,15.88431,0.77914,0,0.90087,0.04042,6.84857,0.77914,0,0,0.00000,16,12.84937,0,5.01786,0,0.00000,0,0,0,0,0,0,0.000,1,1,1,1,1,1,1,0,0.00000,0,,523.28259,224.68013,0,
0,ACUA User Study,6986,70.16895,745394208447,0.48456,0.42786,69.88379,0.28516,155,1,0.48983,0.58861,1,0.44115,0.33426,0, ,0,,0.35086,0.60016,22.49834,0.77914,1,0.62148,0.58606,23.16426,0.77914,1,0,0.00000,16,4.45122,1,4.49742,1,0.00000,0,0,0,0,0,0,0.000,1,1,1,1,1,1,1,0,0.00000,0,,1826.53467,129.01976,0,
0,ACUA User Study,7030,70.56396,745398155295,0.49875,0.60336,70.20068,0.36328,156,1,0.41913,0.62865,1,0.44115,0.33426,0, ,0,,0.34263,0.57666,25.55213,0.75960,1,0.61705,0.56307,25.42771,0.76348,1,0,0.00000,16,4.62782,1,4.70013,1,0.00000,0,0,0,0,0,0,0.000,1,1,1,1,1,1,1,0,0.00000,0,,191.48807,278.17975,0,
0,ACUA User Study,7049,70.73438,745399861208,0.40610,0.65145,70.57178,0.16260,157,1,0.40048,0.63061,1,0.44115,0.33426,0, ,0,,0.32991,0.52982,26.01552,0.71258,1,0.61324,0.51367,26.43504,0.71590,1,0,0.00000,16,4.62907,1,4.73466,1,0.00000,0,0,0,0,0,0,0.000,1,1,1,1,1,1,1,0,0.00000,0,,185.31483,196.27600,0,
0,ACUA User Study,7297,73.53027,745427820906,0.27083,3.45526,73.50195,0.02832,158,1,0.27083,3.45526,0,0.45469,0.50741,0, ,0,,0.15380,0.13575,14.12632,2.33748,0,0.28175,0.01592,14.86001,2.33748,0,0,0.00000,18,8.72284,0,7.28070,0,0.00000,0,0,0,0,0,0,0.000,1,1,1,1,1,1,1,0,0.00000,0,,3039.23242,265.09778,0,
0,ACUA User Study,7793,78.39111,745476428190,0.45220,0.19521,78.29053,0.10059,159,1,0.46061,0.40040,1,0.55885,0.63056,0, ,0,,0.41796,0.61133,20.97064,0.82729,1,0.66769,0.62822,18.29914,0.82226,1,0,0.00000,20,4.34653,1,4.53053,1,0.00000,0,0,0,0,0,0,0.000,1,1,1,1,1,1,1,0,0.00000,0,,3538.03296,84.35152,0,
0,ACUA User Study,7824,78.60547,745478570014,0.45972,0.30771,78.39746,0.20801,160,1,0.43749,0.29920,1,0.55885,0.63056,0, ,0,,0.39110,0.58911,22.39454,0.81302,1,0.64925,0.59413,22.82663,0.81302,1,0,0.00000,20,4.43548,1,4.38867,1,0.00000,0,0,0,0,0,0,0.000,1,1,1,1,1,1,1,0,0.00000,0,,122.35486,276.77692,0,
0,ACUA User Study,7859,78.91846,745481702818,0.43702,0.30952,78.61182,0.30664,161,1,0.41868,0.33261,1,0.55885,0.63056,0, ,0,,0.38591,0.56815,22.75442,0.78786,1,0.65287,0.57181,23.39039,0.78786,1,0,0.00000,20,4.36642,1,4.51367,1,0.00000,0,0,0,0,0,0,0.000,1,1,1,1,1,1,1,0,0.00000,0,,43.62774,182.56812,0,
0,ACUA User Study,7880,79.06104,745483125480,0.43806,0.36585,78.92578,0.13525,162,1,0.44733,0.48804,1,0.55885,0.63056,0, ,0,,0.40394,0.55015,20.86403,0.77131,1,0.67651,0.55901,22.43964,0.77131,1,0,0.00000,20,4.09495,1,4.35750,1,0.00000,0,0,0,0,0,0,0.000,1,1,1,1,1,1,1,0,0.00000,0,,60.86916,271.87988,0,
0,ACUA User Study,7994,80.23291,745494848166,0.57874,0.72530,79.73047,0.50244,163,1,0.45618,0.71504,1,0.55885,0.63056,0, ,0,,0.42491,0.51798,22.12103,0.71258,1,0.70774,0.51461,21.96778,0.71590,1,0,0.00000,21,4.20415,1,4.43264,1,0.00000,0,0,0,0,0,0,0.000,1,1,1,1,1,1,1,0,0.00000,0,,472.92807,304.82938,0,
0,ACUA User Study,8036,80.51514,745497667980,0.42458,0.75875,80.25977,0.25537,164,1,0.41736,0.82108,1,0.55885,0.63056,0, ,0,,0.40418,0.51946,23.18167,0.70261,1,0.68699,0.50899,23.11649,0.70261,1,0,0.00000,21,4.33619,1,4.45143,1,0.00000,0,0,0,0,0,0,0.000,1,1,1,1,1,1,1,0,0.00000,0,,298.18365,186.95866,0,
0,ACUA User Study,8084,80.86279,745501143740,0.43633,0.77025,80.52197,0.34082,165,1,0.44387,0.81256,1,0.55885,0.63056,0, ,0,,0.39401,0.52025,22.97242,0.69923,1,0.67640,0.50660,23.84879,0.69923,1,0,0.00000,21,4.58051,1,4.65541,1,0.00000,0,0,0,0,0,0,0.000,1,1,1,1,1,1,1,0,0.00000,0,,25.75285,331.16583,0,
0,ACUA User Study,8110,81.03857,745502902826,0.45778,0.77863,80.87500,0.16357,166,1,0.47268,0.74717,1,0.55885,0.63056,0, ,0,,0.39592,0.51978,22.53457,0.70582,1,0.67818,0.50568,23.97616,0.70582,1,0,0.00000,21,4.37896,1,4.48484,1,0.00000,0,0,0,0,0,0,0.000,1,1,1,1,1,1,1,0,0.00000,0,,42.16674,347.60596,0,
0,ACUA User Study,8361,82.75830,745520100600,0.52309,0.79454,81.04346,1.71484,167,1,0.51534,0.74152,1,0.55885,0.63056,0, ,0,,0.32866,0.55714,23.19029,0.66205,1,0.62090,0.51780,23.81763,0.66205,1,0,0.00000,21,4.13545,1,4.21190,1,0.00000,0,0,0,0,0,0,0.000,1,1,1,1,1,1,1,0,0.00000,0,,126.56700,352.19739,0,
0,ACUA User Study,8434,83.26465,745525162260,0.53464,0.78571,82.76465,0.50000,168,1,0.55494,0.63515,1,0.55885,0.63056,0, ,0,,0.33690,0.55127,22.19048,0.66783,1,0.62685,0.51440,23.06115,0.66783,1,0,0.00000,21,3.98213,1,4.18026,1,0.00000,0,0,0,0,0,0,0.000,1,1,1,1,1,1,1,0,0.00000,0,,24.13953,23.26939,0,
0,ACUA User Study,8474,83.52832,745527801465,0.49934,0.42740,83.28760,0.24072,169,1,0.64889,0.38868,1,0.55885,0.63056,0, ,0,,0.34464,0.54479,23.01587,0.66530,1,0.63195,0.51101,22.96672,0.66838,1,0,0.00000,21,4.18555,1,4.67633,1,0.00000,0,0,0,0,0,0,0.000,1,1,1,1,1,1,1,0,0.00000,0,,392.86520,99.93421,0,
0,ACUA User Study,8503,83.74951,745530014237,0.70607,0.38466,83.55566,0.19385,170,1,0.51696,0.26242,1,0.55885,0.63056,0, ,0,,0.35042,0.54227,22.01797,0.68362,1,0.63751,0.51109,22.76005,0.68362,1,0,0.00000,21,4.18878,1,4.47807,1,0.00000,0,0,0,0,0,0,0.000,1,1,1,1,1,1,1,0,0.00000,0,,399.59662,6.63330,0,
0,ACUA User Study,8577,84.24756,745534990790,0.21592,0.31191,83.77637,0.47119,171,1,0.22248,0.32311,1,0.55885,0.63056,0, ,0,,0.34331,0.53993,22.22279,0.66856,1,0.63045,0.51113,22.50457,0.66856,1,0,0.00000,21,4.68319,1,4.37584,1,0.00000,0,0,0,0,0,0,0.000,1,1,1,1,1,1,1,0,0.00000,0,,944.36218,175.22754,0,
0,ACUA User Study,8590,84.33350,745535853091,0.40365,0.46439,84.25537,0.07812,172,1,0.50342,0.59072,1,0.55885,0.63056,0, ,0,,0.35046,0.54175,22.30730,0.67399,1,0.63727,0.51451,22.96628,0.67091,1,0,0.00000,21,3.99676,1,4.14468,1,0.00000,0,0,0,0,0,0,0.000,1,1,1,1,1,1,1,0,0.00000,0,,396.27911,335.44531,0,
0,ACUA User Study,8657,84.81055,745540623597,0.50665,0.59461,84.36230,0.44824,173,1,0.56075,0.69221,1,0.55885,0.63056,0, ,0,,0.35887,0.54072,22.31643,0.69609,1,0.64541,0.51504,22.88259,0.69277,1,0,0.00000,21,3.99367,1,4.25259,1,0.00000,0,0,0,0,0,0,0.000,1,1,1,1,1,1,1,0,0.00000,0,,242.66833,324.58136,0,
0,ACUA User Study,8686,85.00537,745542568764,0.57051,0.74486,84.83496,0.17041,174,1,0.57471,0.71339,1,0.55885,0.63056,0, ,0,,0.35741,0.54062,22.55282,0.69649,1,0.64400,0.51473,22.91297,0.69649,1,0,0.00000,21,3.90375,1,4.20993,1,0.00000,0,0,0,0,0,0,0.000,1,1,1,1,1,1,1,0,0.00000,0,,203.38411,307.07471,0,
0,ACUA User Study,8710,85.16943,745544213982,0.54330,0.74232,85.00977,0.15967,175,1,0.47897,0.76883,1,0.55885,0.63056,0, ,0,,0.35600,0.54090,21.89696,0.68967,1,0.64233,0.51479,22.80448,0.69298,1,0,0.00000,21,4.12877,1,4.19594,1,0.00000,0,0,0,0,0,0,0.000,1,1,1,1,1,1,1,0,0.00000,0,,52.31525,176.99431,0,
0,ACUA User Study,8744,85.40430,745546558375,0.47111,0.76399,85.17627,0.22803,176,1,0.48642,0.83569,1,0.55885,0.63056,0, ,0,,0.35552,0.54204,21.95584,0.68324,1,0.64151,0.51527,22.22222,0.68324,1,0,0.00000,21,4.00521,1,4.24882,1,0.00000,0,0,0,0,0,0,0.000,1,1,1,1,1,1,1,0,0.00000,0,,140.56677,189.58405,0,
0,ACUA User Study,8790,85.71240,745549641226,0.53659,0.90651,85.43457,0.27783,177,1,0.63894,0.93643,1,0.55885,0.63056,0, ,0,,0.33379,0.54522,22.44631,0.69257,1,0.61560,0.50349,23.28323,0.69257,1,0,0.00000,20,4.28994,1,4.44861,1,0.00000,0,0,0,0,0,0,0.000,1,1,1,1,1,1,1,0,0.00000,0,,198.74052,309.24161,0,
0,ACUA User Study,8835,86.02734,745552788914,0.89497,1.00374,85.76221,0.26514,178,1,0.89058,1.02372,1,0.55885,0.63056,0, ,0,,0.33883,0.54855,24.47860,0.67091,1,0.61459,0.49913,25.51162,0.66783,1,0,0.00000,20,4.54409,1,4.73438,1,0.00000,0,0,0,0,0,0,0.000,1,1,1,1,1,1,1,0,0.00000,0,,696.05609,351.32312,0,
0,ACUA User Study,8845,86.09521,745553471270,0.68525,1.01200,86.03369,0.06152,179,1,0.24018,1.05313,1,0.55885,0.63056,0, ,0,,0.31410,0.55445,23.94849,0.68713,1,0.58752,0.49902,24.67967,0.69352,1,0,0.00000,20,5.02391,1,5.28381,1,0.00000,0,0,0,0,0,0,0.000,1,1,1,1,1,1,1,0,0.00000,0,,402.76126,181.26915,0,
0,ACUA User Study,8875,86.30176,745555535691,-0.63680,1.72567,86.18164,0.12012,180,1,-0.59383,1.75295,1,0.55885,0.63056,0, ,0,,0.23281,0.58856,23.63802,0.61073,1,0.48800,0.50553,26.02938,0.60823,1,0,0.00000,20,5.09814,1,5.42615,1,0.00000,0,0,0,0,0,0,0.000,1,1,1,1,1,1,1,0,0.00000,0,,2652.77710,196.89087,0,
0,ACUA User Study,8906,86.50977,745557614917,-0.57605,1.76969,86.31006,0.19971,181,1,-0.60805,1.79302,1,0.55885,0.63056,0, ,0,,0.24282,0.59244,23.34173,0.61828,1,0.49987,0.50988,25.59099,0.61828,1,0,0.00000,20,5.08713,1,5.27457,1,0.00000,0,0,0,0,0,0,0.000,1,1,1,1,1,1,1,0,0.00000,0,,125.95673,337.82455,0,
0,ACUA User Study,8928,86.65771,745559092297,-0.61644,1.74099,86.51611,0.14160,182,1,-0.63430,1.78225,1,0.55885,0.63056,0, ,0,,0.27304,0.58711,23.48184,0.65346,1,0.53290,0.51710,26.40560,0.65632,1,0,0.00000,20,5.21143,1,5.38560,1,0.00000,0,0,0,0,0,0,0.000,1,1,1,1,1,1,1,0,0.00000,0,,83.51390,158.21361,0,
0,ACUA User Study,8943,86.75928,745560109745,-0.66559,1.61728,86.66309,0.09619,183,1,-0.66053,1.25739,1,0.55885,0.63056,0, ,0,,0.28492,0.58860,23.22440,0.65111,1,0.53874,0.51596,25.93816,0.64557,1,0,0.00000,20,5.52034,1,5.76837,1,0.00000,0,0,0,0,0,0,0.000,1,1,1,1,1,1,1,0,0.00000,0,,163.57297,125.23395,0,
0,ACUA User Study,8953,86.82422,745560761270,-0.08104,1.37738,86.78418,0.04004,184,1,0.18313,1.73768,1,0.55885,0.63056,0, ,0,,0.29852,0.58142,24.06355,0.62331,1,0.55058,0.51019,25.27365,0.62331,1,0,0.00000,20,5.76348,1,5.39795,1,0.00000,0,0,0,0,0,0,0.000,1,1,1,1,1,1,1,0,0.00000,0,,1151.85352,12.99904,0,
0,ACUA User Study,8976,87.00977,745562612745,-0.01004,1.46721,86.90381,0.10596,185,1,0.03656,1.60620,1,0.55885,0.63056,0, ,0,,0.32206,0.57326,24.15738,0.64481,1,0.57733,0.51394,27.46887,0.64481,1,0,0.00000,20,5.67371,1,5.97998,1,0.00000,0,0,0,0,0,0,0.000,1,1,1,1,1,1,1,0,0.00000,0,,167.31808,324.56122,0,
0,ACUA User Study,9000,87.17432,745564258456,0.06975,1.55373,87.07568,0.09863,186,1,0.06643,1.60688,1,0.55885,0.63056,0, ,0,,0.32305,0.56001,24.24329,0.62078,1,0.58208,0.50601,28.19275,0.61828,1,0,0.00000,20,5.68790,1,5.84795,1,0.00000,0,0,0,0,0,0,0.000,1,1,1,1,1,1,1,0,0.00000,0,,179.44521,328.61914,0,
0,ACUA User Study,9020,87.33984,745565915385,0.03695,1.55324,87.18848,0.15137,187,1,0.16559,1.57727,1,0.55885,0.63056,0, ,0,,0.30407,0.57095,24.95435,0.60320,1,0.56690,0.51616,28.62839,0.60320,1,0,0.00000,20,5.74787,1,5.81098,1,0.00000,0,0,0,0,0,0,0.000,1,1,1,1,1,1,1,0,0.00000,0,,62.97824,179.51845,0,
0,ACUA User Study,9028,87.39355,745566452835,-0.09082,1.36683,87.37109,0.02246,188,1,-0.05290,1.15969,1,0.55885,0.63056,0, ,0,,0.28861,0.57747,25.30398,0.60320,1,0.55136,0.51870,28.78525,0.60320,1,0,0.00000,20,5.82739,1,6.17707,1,0.00000,0,0,0,0,0,0,0.000,1,1,1,1,1,1,1,0,0.00000,0,,317.35150,140.62567,0,
0,ACUA User Study,9042,87.52832,745567801132,0.03643,1.73928,87.48633,0.04199,189,1,0.11895,1.73066,1,0.55885,0.63056,0, ,0,,0.26401,0.58955,24.76878,0.60320,1,0.52167,0.51733,27.44357,0.60320,1,0,0.00000,20,5.86979,1,5.76313,1,0.00000,0,0,0,0,0,0,0.000,1,1,1,1,1,1,1,0,0.00000,0,,470.63159,301.27405,0,
0,ACUA User Study,9104,87.95801,745572097974,-0.62370,1.03607,87.87354,0.08447,190,1,-0.63750,0.86951,1,0.55885,0.63056,0, ,0,,0.24405,0.59005,25.71703,0.93498,1,0.50380,0.51766,28.25838,0.93498,1,0,0.00000,20,6.03507,1,5.86614,1,0.00000,0,0,0,0,0,0,0.000,1,1,1,1,1,1,1,0,0.00000,0,,1477.57178,149.06958,0,
0,ACUA User Study,9120,88.06689,745573188601,0.00521,1.36473,88.04395,0.02295,191,1,0.00756,1.43348,1,0.55885,0.63056,0, ,0,,0.24385,0.59084,25.65844,0.93498,1,0.50330,0.51742,28.25221,0.93498,1,0,0.00000,20,6.05490,1,5.84049,1,0.00000,0,0,0,0,0,0,0.000,1,1,1,1,1,1,1,0,0.00000,0,,1258.59644,343.61902,0,
0,ACUA User Study,9136,88.17725,745574290465,-0.48444,1.05150,88.09131,0.08594,192,1,-0.65476,0.95329,1,0.55885,0.63056,0, ,0,,0.24519,0.59078,25.85790,0.93498,1,0.50415,0.51716,28.27747,0.93498,1,0,0.00000,20,5.99121,1,5.81262,1,0.00000,0,0,0,0,0,0,0.000,1,1,1,1,1,1,1,0,0.00000,0,,999.13947,160.20963,0,
0,ACUA User Study,9185,88.50635,745577581457,-1.93655,-0.01245,88.37891,0.12744,193,1,-1.97542,-0.12829,1,0.55885,0.63056,0, ,0,,0.23386,0.59507,19.05370,1.09998,1,0.49032,0.51708,20.87948,1.09998,1,0,0.00000,20,4.62596,1,4.40012,1,0.00000,0,0,0,0,0,0,0.000,1,1,1,1,1,1,1,0,0.00000,0,,3015.55688,157.60150,0,
0,ACUA User Study,9204,88.67578,745579276452,-2.07297,-0.17663,88.56885,0.10693,194,1,-2.15182,-0.33780,1,0.55885,0.63056,0, ,0,,0.22842,0.59526,16.04148,1.09998,1,0.48340,0.51594,17.38048,1.09998,1,0,0.00000,20,4.01533,1,3.71880,1,0.00000,0,0,0,0,0,0,0.000,1,1,1,1,1,1,1,0,0.00000,0,,316.30011,145.90346,0,
0,ACUA User Study,9223,88.84912,745581010809,-2.15793,-0.43093,88.71143,0.13770,195,1,-2.17418,-0.31053,1,0.55885,0.63056,0, ,0,,0.22610,0.59585,15.18010,1.09998,1,0.48068,0.51551,16.47279,1.09998,1,0,0.00000,20,3.92327,1,3.60204,1,0.00000,0,0,0,0,0,0,0.000,1,1,1,1,1,1,1,0,0.00000,0,,319.43469,120.70797,0,
0,ACUA User Study,9246,89.03613,745582880197,-2.14741,-0.10276,88.87939,0.15674,196,1,-2.12602,-0.11895,1,0.55885,0.63056,0, ,0,,0.22612,0.59588,16.18630,1.09998,1,0.48068,0.51542,17.67545,1.09998,1,0,0.00000,20,4.05305,1,3.76492,1,0.00000,0,0,0,0,0,0,0.000,1,1,1,1,1,1,1,0,0.00000,0,,354.99869,273.26178,0,
0,ACUA User Study,9267,89.17773,745584293215,-2.10915,0.04133,89.08154,0.09619,197,1,-2.04147,0.28915,1,0.55885,0.63056,0, ,0,,0.22950,0.59856,17.33657,1.09998,1,0.48385,0.51886,18.63054,1.09998,1,0,0.00000,20,4.26080,1,3.91401,1,0.00000,0,0,0,0,0,0,0.000,1,1,1,1,1,1,1,0,0.00000,0,,172.08409,295.26962,0,
0,ACUA User Study,9285,89.29590,745585475222,-2.02543,0.31822,89.20215,0.09375,198,1,-2.01525,-0.47559,1,0.55885,0.63056,0, ,0,,0.22952,0.59541,16.96885,1.09998,1,0.48370,0.51540,18.70718,1.09998,1,0,0.00000,20,4.40943,1,3.99310,1,0.00000,0,0,0,0,0,0,0.000,1,1,1,1,1,1,1,0,0.00000,0,,339.50519,298.25919,0,
0,ACUA User Study,9306,89.43652,745586882399,-2.04813,-0.54751,89.34277,0.09375,199,1,-2.03923,-0.47897,1,0.55885,0.63056,0, ,0,,0.23322,0.59442,17.54421,1.09998,1,0.48900,0.51651,19.09301,1.09998,1,0,0.00000,20,4.30880,1,4.19814,1,0.00000,0,0,0,0,0,0,0.000,1,1,1,1,1,1,1,0,0.00000,0,,936.00366,92.66889,0,
0,ACUA User Study,9327,89.57861,745588301426,-2.04213,-0.39969,89.46338,0.11523,200,1,-2.08561,-0.43849,1,0.55885,0.63056,0, ,0,,0.24405,0.58983,17.57256,1.09998,1,0.50322,0.51705,19.11863,1.09998,1,0,0.00000,20,4.19774,1,4.13395,1,0.00000,0,0,0,0,0,0,0.000,1,1,1,1,1,1,1,0,0.00000,0,,160.06076,274.12732,0,
0,ACUA User Study,9352,89.74512,745589968776,-2.08508,-0.24439,89.60400,0.14111,201,1,-2.08664,-0.16655,1,0.55885,0.63056,0, ,0,,0.24378,0.59256,18.00702,1.09998,1,0.50203,0.51790,20.02826,1.09998,1,0,0.00000,20,4.39975,1,4.30078,1,0.00000,0,0,0,0,0,0,0.000,1,1,1,1,1,1,1,0,0.00000,0,,186.90005,243.81830,0,
0,ACUA User Study,9389,89.99316,745592448687,-2.11818,-0.13262,89.77148,0.22168,202,1,-2.08559,-0.27142,1,0.55885,0.63056,0, ,0,,0.23753,0.59595,18.19097,1.09998,1,0.49454,0.51856,20.43145,1.09998,1,0,0.00000,20,4.48813,1,4.34804,1,0.00000,0,0,0,0,0,0,0.000,1,1,1,1,1,1,1,0,0.00000,0,,136.41911,242.23409,0,
0,ACUA User Study,9415,90.17334,745594252776,-2.09672,-0.17351,89.99902,0.17432,203,1,-2.07071,-0.23007,1,0.55885,0.63056,0, ,0,,0.23176,0.59121,18.29854,1.09998,1,0.48857,0.51206,20.25003,1.09998,1,0,0.00000,20,4.43490,1,4.32524,1,0.00000,0,0,0,0,0,0,0.000,1,1,1,1,1,1,1,0,0.00000,0,,60.39808,46.98446,0,
0,ACUA User Study,9435,90.30713,745595589610,-2.07345,-0.23684,90.20020,0.10693,204,1,-2.08790,-0.27571,1,0.55885,0.63056,0, ,0,,0.24721,0.58028,18.35090,1.09998,1,0.50758,0.50755,20.38295,1.09998,1,0,0.00000,20,4.41798,1,4.30512,1,0.00000,0,0,0,0,0,0,0.000,1,1,1,1,1,1,1,0,0.00000,0,,81.69585,56.84644,0,
0,ACUA User Study,9449,90.42139,745596729346,-1.97812,-0.13733,90.31396,0.10742,205,1,-1.48167,-0.14236,1,0.55885,0.63056,0, ,0,,0.27424,0.55689,19.94760,1.09998,1,0.53959,0.49615,19.63713,1.09998,1,0,0.00000,20,5.21826,1,5.03039,1,0.00000,0,0,0,0,0,0,0.000,1,1,1,1,1,1,1,0,0.00000,0,,212.25314,329.58011,0,
0,ACUA User Study,9494,90.74268,745599945126,0.41436,0.51063,90.50830,0.23438,206,1,0.40445,0.32576,1,0.55885,0.63056,0, ,0,,0.31044,0.52619,22.96558,0.71586,1,0.58920,0.48708,23.09525,0.71586,1,0,0.00000,20,4.11411,1,4.30394,1,0.00000,0,0,0,0,0,0,0.000,1,1,1,1,1,1,1,0,0.00000,0,,4646.56055,351.33798,0,
0,ACUA User Study,9526,90.95703,745602086392,0.20491,0.28222,90.76953,0.18750,207,1,0.11413,0.31694,1,0.55885,0.63056,0, ,0,,0.24577,0.53525,23.97248,0.69960,1,0.52330,0.47276,23.30508,0.69960,1,0,0.00000,20,4.32216,1,4.44779,1,0.00000,0,0,0,0,0,0,0.000,1,1,1,1,1,1,1,0,0.00000,0,,471.77557,148.47426,0,
0,ACUA User Study,9553,91.15820,745604098212,0.03730,0.37130,90.98389,0.17432,208,1,0.04560,0.38421,1,0.42865,0.44815,0, ,0,,0.24192,0.53098,23.43122,0.65086,1,0.52537,0.46476,23.69318,0.65086,1,0,0.00000,20,4.58314,1,4.63141,1,0.00000,0,0,0,0,0,0,0.000,1,1,1,1,1,1,1,0,0.00000,0,,335.88406,196.64418,0,
0,ACUA User Study,9606,91.51953,745607713773,0.05185,0.37050,91.16455,0.35498,209,1,0.05401,0.39874,1,0.07969,0.18611,0, ,0,,0.21859,0.56498,25.58321,0.65626,1,0.49655,0.48867,24.99141,0.65626,1,0,0.00000,20,4.79570,1,4.94490,1,0.00000,0,0,0,0,0,0,0.000,1,1,1,1,1,1,1,0,0.00000,0,,27.94935,1.77150,0,
0,ACUA User Study,9701,92.19629,745614482309,0.04599,0.36710,91.52637,0.66992,210,1,0.02815,0.34680,1,0.06667,0.22222,0, ,0,,0.25642,0.54187,24.34646,0.69318,1,0.53127,0.48425,24.37203,0.69649,1,0,0.00000,20,4.60697,1,4.65142,1,0.00000,0,0,0,0,0,0,0.000,1,1,1,1,1,1,1,0,0.00000,0,,11.83524,161.92513,0,
0,ACUA User Study,9730,92.39062,745616424323,0.03192,0.30254,92.20312,0.18750,211,1,0.03769,0.27148,1,0.06667,0.22222,0, ,0,,0.26771,0.54137,22.89396,0.71258,1,0.53987,0.48669,23.87642,0.71590,1,0,0.00000,20,4.77641,1,4.61452,1,0.00000,0,0,0,0,0,0,0.000,1,1,1,1,1,1,1,0,0.00000,0,,74.77516,111.17853,0,
0,ACUA User Study,9750,92.52441,745617760689,0.02532,0.27372,92.40137,0.12305,212,1,0.01660,0.38968,1,0.06667,0.22222,0, ,0,,0.24722,0.55381,24.55946,0.69257,1,0.51419,0.48575,23.16257,0.69257,1,0,0.00000,20,4.80502,1,4.81188,1,0.00000,0,0,0,0,0,0,0.000,1,1,1,1,1,1,1,0,0.00000,0,,33.60630,112.15244,0,
0,ACUA User Study,9793,92.81885,745620707243,-0.76552,0.70760,92.61816,0.20068,213,1,-0.79933,0.68523,1,0.06667,0.22222,0, ,0,,0.37170,0.50233,21.07227,0.69257,1,0.54076,0.50106,93.41657,0.69257,0,0,0.00000,20,16.91988,1,90.55163,0,0.00000,0,0,0,0,0,0,0.000,1,1,1,1,1,1,1,0,0.00000,0,,1589.07336,197.15050,0,
0,ACUA User Study,9820,93.00000,745622518581,-0.81220,0.66574,92.82568,0.17432,214,1,-0.83515,0.61406,1,0.06667,0.22222,0, ,0,,0.34587,0.50667,20.13667,0.69257,1,0.54076,0.50106,93.41657,0.69257,0,0,0.00000,20,16.34067,1,90.55163,0,0.00000,0,0,0,0,0,0,0.000,1,1,1,1,1,1,1,0,0.00000,0,,100.38231,153.23282,0,
0,ACUA User Study,9843,93.15381,745624055671,-0.74284,0.63947,93.00781,0.14600,215,1,-0.71372,0.72114,1,0.06667,0.22222,0, ,0,,0.33821,0.50418,19.47099,0.69257,1,0.54076,0.50106,93.41657,0.69257,0,0,0.00000,20,16.09295,1,90.55163,0,0.00000,0,0,0,0,0,0,0.000,1,1,1,1,1,1,1,0,0.00000,0,,136.15996,12.02684,0,
0,ACUA User Study,9888,93.45850,745627102352,-0.73638,0.67958,93.16064,0.29785,216,1,-0.69490,0.65082,1,0.06667,0.22222,0, ,0,,0.35222,0.50243,20.35228,0.69257,1,0.54076,0.50106,93.41657,0.69257,0,0,0.00000,20,16.40915,1,90.55163,0,0.00000,0,0,0,0,0,0,0.000,1,1,1,1,1,1,1,0,0.00000,0,,45.05948,285.97766,0,
0,ACUA User Study,9905,93.56934,745628211755,-0.68846,0.65741,93.46631,0.10303,217,1,-0.66812,0.70226,1,0.06667,0.22222,0, ,0,,0.36020,0.50282,20.40916,0.69257,1,0.54076,0.50106,93.41657,0.69257,0,0,0.00000,20,16.86154,1,90.55163,0,0.00000,0,0,0,0,0,0,0.000,1,1,1,1,1,1,1,0,0.00000,0,,95.07094,14.58697,0,
0,ACUA User Study,9928,93.75537,745630069718,-0.64312,0.68316,93.57617,0.17920,218,1,-0.60283,0.63492,1,0.06667,0.22222,0, ,0,,0.37077,0.50042,21.16026,0.69257,1,0.54076,0.50106,93.41657,0.69257,0,0,0.00000,20,17.17284,1,90.55163,0,0.00000,0,0,0,0,0,0,0.000,1,1,1,1,1,1,1,0,0.00000,0,,91.38695,342.28333,0,
0,ACUA User Study,9964,93.99219,745632437914,-0.57785,0.65549,93.76025,0.23193,219,1,-0.53709,0.74378,1,0.19844,0.24167,0, ,0,,0.39476,0.50141,21.37446,0.69257,1,0.54076,0.50106,93.41657,0.69257,0,0,0.00000,20,17.52495,1,90.55163,0,0.00000,0,0,0,0,0,0,0.000,1,1,1,1,1,1,1,0,0.00000,0,,128.83226,13.41234,0,
0,ACUA User Study,9985,94.13184,745633836071,-0.53996,0.70155,93.99805,0.13379,220,1,-0.52023,0.65709,1,0.78021,0.35833,0, ,0,,0.40634,0.50167,20.87766,0.69257,1,0.54076,0.50106,93.41657,0.69257,0,0,0.00000,20,17.16064,1,90.55163,0,0.00000,0,0,0,0,0,0,0.000,1,1,1,1,1,1,1,0,0.00000,0,,88.13010,325.63605,0,
0,ACUA User Study,10005,94.26611,745635177724,-0.51602,0.69679,94.13867,0.12744,221,1,-0.50916,0.75843,1,0.81927,0.37037,0, ,0,,0.41860,0.50062,21.06938,0.69257,1,0.54076,0.50106,93.41657,0.69257,0,0,0.00000,20,17.17141,1,90.55163,0,0.00000,0,0,0,0,0,0,0.000,1,1,1,1,1,1,1,0,0.00000,0,,46.25143,6.38156,0,
0,ACUA User Study,10018,94.35303,745636046505,-0.34682,0.81140,94.27295,0.08008,222,1,-0.20470,0.95093,1,0.81458,0.36944,0, ,0,,0.42479,0.49978,21.10069,0.54998,1,0.54076,0.50106,93.41657,0.54998,0,0,0.00000,20,17.41132,1,90.55163,0,0.00000,0,0,0,0,0,0,0.000,1,1,1,1,1,1,1,0,0.00000,0,,347.64612,339.14230,0,
0,ACUA User Study,10044,94.52734,745637791419,-0.20828,0.95372,94.38037,0.14697,223,1,-0.24826,0.93505,1,0.34271,0.36481,0, ,0,,0.42870,0.50016,20.81624,0.58213,1,0.54076,0.50106,93.41657,0.57993,0,0,0.00000,20,17.03792,1,90.55163,0,0.00000,0,0,0,0,0,0,0.000,1,1,1,1,1,1,1,0,0.00000,0,,307.21280,329.97864,0,
0,ACUA User Study,10055,94.60059,745638524516,-0.04115,0.78880,94.53418,0.06641,224,1,0.35799,0.46823,1,0.33333,0.36944,0, ,0,,0.44781,0.49556,23.54074,0.60873,1,0.54076,0.50106,93.41657,0.61357,0,0,0.00000,20,20.33173,1,90.55163,0,0.00000,0,0,0,0,0,0,0.000,1,1,1,1,1,1,1,0,0.00000,0,,367.00760,29.03299,0,
0,ACUA User Study,10097,94.88232,745641340714,0.62557,0.18899,94.64795,0.23438,225,1,0.63750,0.26077,1,0.54271,0.36481,0, ,0,,0.48062,0.49440,22.70442,0.67709,1,0.54076,0.50106,93.41657,0.67402,0,0,0.00000,20,18.71857,1,90.55163,0,0.00000,0,0,0,0,0,0,0.000,1,1,1,1,1,1,1,0,0.00000,0,,1434.67773,26.84166,0,
0,ACUA User Study,10114,94.99707,745642485816,0.62255,0.24340,94.88867,0.10840,226,1,0.61556,0.29845,1,0.47760,0.34167,0, ,0,,0.48189,0.49702,22.11176,0.70258,1,0.54076,0.50106,93.41657,0.70589,0,0,0.00000,20,18.74663,1,90.55163,0,0.00000,0,0,0,0,0,0,0.000,1,1,1,1,1,1,1,0,0.00000,0,,59.04817,264.36465,0,
0,ACUA User Study,10140,95.17236,745644242486,0.61148,0.28477,95.00293,0.16943,227,1,0.49590,0.24972,1,0.47448,0.34167,0, ,0,,0.47063,0.49496,22.38002,0.69257,1,0.54076,0.50106,93.41657,0.69257,0,0,0.00000,20,18.76554,1,90.55163,0,0.00000,0,0,0,0,0,0,0.000,1,1,1,1,1,1,1,0,0.00000,0,,49.47745,244.55927,0,
0,ACUA User Study,10159,95.30420,745645560982,0.46226,0.20130,95.19824,0.10596,228,1,0.47293,0.26290,1,0.47448,0.34167,0, ,0,,0.45002,0.49574,23.78830,0.66783,1,0.54076,0.50106,93.41657,0.66783,0,0,0.00000,20,18.45975,1,90.55163,0,0.00000,0,0,0,0,0,0,0.000,1,1,1,1,1,1,1,0,0.00000,0,,300.35019,162.53389,0,
0,ACUA User Study,10179,95.44482,745646966936,0.47067,0.22601,95.31104,0.13379,229,1,0.47205,0.14947,1,0.47448,0.34167,0, ,0,,0.42459,0.49806,24.43415,0.66783,1,0.54076,0.50106,93.41657,0.66783,0,0,0.00000,20,19.06040,1,90.55163,0,0.00000,0,0,0,0,0,0,0.000,1,1,1,1,1,1,1,0,0.00000,0,,31.19163,301.17661,0,
0,ACUA User Study,10194,95.54492,745647968668,0.37742,0.22079,95.45166,0.09326,230,1,-0.00918,0.28393,1,0.47448,0.34074,0, ,0,,0.38970,0.50158,20.37878,0.63998,1,0.54076,0.50106,93.41657,0.63444,0,0,0.00000,20,24.31765,1,90.55163,0,0.00000,0,0,0,0,0,0,0.000,1,1,1,1,1,1,1,0,0.00000,0,,179.12872,178.19647,0,
0,ACUA User Study,10238,95.84033,745650919101,-0.58742,0.68283,95.61670,0.22363,231,1,-0.48697,0.77927,1,0.47448,0.34074,0, ,0,,0.31138,0.52018,21.42523,0.62331,1,0.54076,0.50106,93.41657,0.62331,0,0,0.00000,19,18.27860,1,90.55163,0,0.00000,0,0,0,0,0,0,0.000,1,1,1,1,1,1,1,0,0.00000,0,,1918.52393,195.07585,0,
0,ACUA User Study,10266,96.02734,745652792262,-0.51243,0.76218,95.84814,0.17920,232,1,-0.50122,0.76370,1,0.47448,0.34074,0, ,0,,0.30389,0.52355,21.11719,0.62331,1,0.54076,0.50106,93.41657,0.62331,0,0,0.00000,19,17.62353,1,90.55163,0,0.00000,0,0,0,0,0,0,0.000,1,1,1,1,1,1,1,0,0.00000,0,,167.55484,329.23871,0,
0,ACUA User Study,10295,96.22217,745654737562,-0.50901,0.77588,96.03418,0.18799,233,1,-0.50809,0.80547,1,0.47448,0.34074,0, ,0,,0.30764,0.52347,20.70095,0.62331,1,0.54076,0.50106,93.41657,0.62331,0,0,0.00000,19,17.08518,1,90.55163,0,0.00000,0,0,0,0,0,0,0.000,1,1,1,1,1,1,1,0,0.00000,0,,16.18762,293.93121,0,
0,ACUA User Study,10314,96.34912,745656008166,-0.47261,0.79156,96.22852,0.12061,234,1,-0.46557,0.79655,1,0.47448,0.34074,0, ,0,,0.30748,0.52373,20.46594,0.62331,1,0.54076,0.50106,93.41657,0.62331,0,0,0.00000,19,17.04238,1,90.55163,0,0.00000,0,0,0,0,0,0,0.000,1,1,1,1,1,1,1,0,0.00000,0,,71.91046,346.37933,0,
0,ACUA User Study,10395,96.89160,745661435788,-0.46846,0.75574,96.35596,0.53564,235,1,-0.46070,0.70586,1,0.44896,0.33148,0, ,0,,0.23009,0.55224,21.37783,0.62331,1,0.54076,0.50106,93.41657,0.62331,0,0,0.00000,19,18.36522,1,90.55163,0,0.00000,0,0,0,0,0,0,0.000,1,1,1,1,1,1,1,0,0.00000,0,,39.49767,78.36163,0,
0,ACUA User Study,10442,97.20654,745664583517,-0.45075,0.72702,96.89844,0.30811,236,1,-0.34224,0.72038,1,0.44896,0.33148,0, ,0,,0.25018,0.54608,21.64046,0.62331,1,0.54076,0.50106,93.41657,0.62331,0,0,0.00000,19,18.97488,1,90.55163,0,0.00000,0,0,0,0,0,0,0.000,1,1,1,1,1,1,1,0,0.00000,0,,46.02502,42.37091,0,
0,ACUA User Study,10487,97.50830,745667598034,-0.37487,0.71671,97.21338,0.29492,237,1,-0.26923,0.73164,1,0.44896,0.33148,0, ,0,,0.26796,0.53980,21.64514,0.58986,1,0.54076,0.50106,93.41657,0.57879,0,0,0.00000,19,18.43428,1,90.55163,0,0.00000,0,0,0,0,0,0,0.000,1,1,1,1,1,1,1,0,0.00000,0,,146.11447,4.37055,0,
0,ACUA User Study,10530,97.81885,745670707428,-0.19185,0.86786,97.53613,0.28271,238,1,0.03020,0.78427,1,0.44896,0.33148,0, ,0,,0.26736,0.53566,20.56866,0.54998,1,0.54076,0.50106,93.41657,0.54998,0,0,0.00000,18,20.51132,1,90.55163,0,0.00000,0,0,0,0,0,0,0.000,1,1,1,1,1,1,1,0,0.00000,0,,387.46460,335.08279,0,
0,ACUA User Study,10560,98.02197,745672735369,0.56310,0.64391,97.88330,0.13867,239,1,0.56819,0.57252,1,0.44896,0.33148,0, ,0,,0.33865,0.52159,23.17688,0.63676,1,0.54076,0.50106,93.41657,0.63943,0,0,0.00000,18,18.86847,1,90.55163,0,0.00000,0,0,0,0,0,0,0.000,1,1,1,1,1,1,1,0,0.00000,0,,1469.54456,9.47317,0,
0,ACUA User Study,10575,98.11719,745673691266,0.53418,0.52075,98.02686,0.09033,240,1,0.52543,0.41684,1,0.43021,0.33611,0, ,0,,0.36758,0.51582,23.51003,0.63676,1,0.54076,0.50106,93.41657,0.63943,0,0,0.00000,18,19.26837,1,90.55163,0,0.00000,0,0,0,0,0,0,0.000,1,1,1,1,1,1,1,0,0.00000,0,,144.13739,112.65816,0,
0,ACUA User Study,10593,98.24561,745674974128,0.49276,0.38912,98.12451,0.12109,241,1,0.48563,0.32297,1,0.14479,0.34259,0, ,0,,0.40689,0.51201,24.98376,0.64481,1,0.54076,0.50106,93.41657,0.64481,0,0,0.00000,18,20.25698,1,90.55163,0,0.00000,0,0,0,0,0,0,0.000,1,1,1,1,1,1,1,0,0.00000,0,,162.89267,119.22324,0,
0,ACUA User Study,10622,98.43896,745676909146,0.49072,0.30744,98.25146,0.18750,242,1,0.47613,0.42507,1,0.11510,0.33611,0, ,0,,0.43907,0.50748,24.15316,0.61073,1,0.54076,0.50106,93.41657,0.60823,0,0,0.00000,18,20.14517,1,90.55163,0,0.00000,0,0,0,0,0,0,0.000,1,1,1,1,1,1,1,0,0.00000,0,,88.30129,92.54228,0,
0,ACUA User Study,10650,98.62646,745678781597,0.47534,0.37944,98.44580,0.18066,243,1,0.48418,0.45406,1,0.10781,0.24074,0, ,0,,0.42700,0.51609,25.30279,0.58670,1,0.54076,0.50106,93.41657,0.58435,0,0,0.00000,18,20.83367,1,90.55163,0,0.00000,0,0,0,0,0,0,0.000,1,1,1,1,1,1,1,0,0.00000,0,,83.17819,249.20557,0,
0,ACUA User Study,10667,98.74561,745679973616,0.48426,0.48278,98.63330,0.11230,244,1,0.49856,0.52763,1,0.10885,0.24815,0, ,0,,0.41437,0.52114,25.98911,0.58435,1,0.54076,0.50106,93.41657,0.58435,0,0,0.00000,18,20.40338,1,90.55163,0,0.00000,0,0,0,0,0,0,0.000,1,1,1,1,1,1,1,0,0.00000,0,,112.91360,278.72409,0,
0,ACUA User Study,10699,98.95508,745682067394,0.47415,0.51561,98.75049,0.20459,245,1,0.47706,0.56739,1,0.10990,0.26019,0, ,0,,0.39538,0.52272,26.57236,0.57144,1,0.54076,0.50106,93.41657,0.56717,0,0,0.00000,18,20.80573,1,90.55163,0,0.00000,0,0,0,0,0,0,0.000,1,1,1,1,1,1,1,0,0.00000,0,,40.42212,241.30075,0,
0,ACUA User Study,10719,99.08887,745683405623,0.48390,0.52965,98.96143,0.12744,246,1,0.49485,0.46275,1,0.11042,0.27778,0, ,0,,0.39061,0.52219,26.89081,0.55857,1,0.54076,0.50106,93.41657,0.55857,0,0,0.00000,17,20.92862,1,90.55163,0,0.00000,0,0,0,0,0,0,0.000,1,1,1,1,1,1,1,0,0.00000,0,,24.09071,320.99255,0,
0,ACUA User Study,10754,99.32910,745685807882,0.48778,0.43445,99.11572,0.21338,247,1,0.48861,0.40976,1,0.10573,0.35000,0, ,0,,0.39375,0.51845,26.85487,0.56664,1,0.54076,0.50106,93.41657,0.56664,0,0,0.00000,17,21.37324,1,90.55163,0,0.00000,0,0,0,0,0,0,0.000,1,1,1,1,1,1,1,0,0.00000,0,,103.08551,85.85584,0,
0,ACUA User Study,10870,100.12061,745693721768,0.49060,0.43330,99.33350,0.78711,248,1,0.48597,0.45443,1,0.07448,0.39722,0, ,0,,0.43745,0.49931,26.51490,0.60868,1,0.54076,0.50106,93.41657,0.60383,0,0,0.00000,16,20.80911,1,90.55163,0,0.00000,0,0,0,0,0,0,0.000,1,1,1,1,1,1,1,0,0.00000,0,,5.55499,12.91959,0,
0,ACUA User Study,10889,100.24854,745695002251,0.48697,0.45216,100.12695,0.12158,249,1,0.48322,0.38886,1,0.07760,0.41667,0, ,0,,0.43599,0.49755,27.35255,0.61578,1,0.54076,0.50106,93.41657,0.61828,0,0,0.00000,16,20.78164,1,90.55163,0,0.00000,0,0,0,0,0,0,0.000,1,1,1,1,1,1,1,0,0.00000,0,,21.52818,251.11072,0,
0,ACUA User Study,10933,100.54492,745697965088,0.47806,0.47182,100.25439,0.29053,250,1,0.46842,0.51204,1,0.07552,0.49167,0, ,0,,0.42241,0.50118,27.94670,0.60320,1,0.54076,0.50106,93.41657,0.60320,0,0,0.00000,16,21.35250,1,90.55163,0,0.00000,0,0,0,0,0,0,0.000,1,1,1,1,1,1,1,0,0.00000,0,,27.26695,231.14172,0,
0,ACUA User Study,10971,100.81006,745700618933,0.47830,0.49872,100.54980,0.26025,251,1,0.47519,0.46897,1,0.07344,0.50833,0, ,0,,0.41700,0.50308,28.41430,0.59615,1,0.54076,0.50106,93.41657,0.59849,0,0,0.00000,16,22.76191,1,90.55163,0,0.00000,0,0,0,0,0,0,0.000,1,1,1,1,1,1,1,0,0.00000,0,,29.05569,270.90860,0,
0,ACUA User Study,11001,101.01904,745702706035,0.46750,0.47186,100.81689,0.20215,252,1,0.48677,0.53679,1,0.06510,0.47407,0, ,0,,0.41455,0.50400,28.65785,0.60320,1,0.54076,0.50106,93.41657,0.60320,0,0,0.00000,16,22.22643,1,90.55163,0,0.00000,0,0,0,0,0,0,0.000,1,1,1,1,1,1,1,0,0.00000,0,,35.65802,125.55786,0,
0,ACUA User Study,11038,101.26562,745705173595,0.47094,0.48892,101.02490,0.24072,253,1,0.48174,0.46285,1,0.07656,0.49630,0, ,0,,0.41250,0.50242,28.77365,0.59143,1,0.54076,0.50106,93.41657,0.59378,0,0,0.00000,16,21.45269,1,90.55163,0,0.00000,0,0,0,0,0,0,0.000,1,1,1,1,1,1,1,0,0.00000,0,,19.57289,289.72137,0,
0,ACUA User Study,11097,101.67432,745709261719,0.46847,0.39682,101.27246,0.40186,254,1,0.47230,0.22960,1,0.07604,0.47963,0, ,0,,0.40903,0.49944,27.69252,0.61578,1,0.54076,0.50106,93.41657,0.61828,0,0,0.00000,16,21.44694,1,90.55163,0,0.00000,0,0,0,0,0,0,0.000,1,1,1,1,1,1,1,0,0.00000,0,,99.58101,92.72965,0,
0,ACUA User Study,11124,101.86865,745711204258,0.47215,0.33764,101.70117,0.16748,255,1,0.46868,0.39342,1,0.07448,0.40741,0, ,0,,0.40649,0.49956,27.48778,0.60320,1,0.54076,0.50106,93.41657,0.60320,0,0,0.00000,16,21.50105,1,90.55163,0,0.00000,0,0,0,0,0,0,0.000,1,1,1,1,1,1,1,0,0.00000,0,,64.30379,83.69168,0,
0,ACUA User Study,11145,102.00928,745712610038,0.46645,0.40041,101.87549,0.13379,256,1,0.45395,0.39429,1,0.07708,0.42130,0, ,0,,0.40243,0.49963,26.84105,0.61076,1,0.54076,0.50106,93.41657,0.61326,0,0,0.00000,16,20.52236,1,90.55163,0,0.00000,0,0,0,0,0,0,0.000,1,1,1,1,1,1,1,0,0.00000,0,,68.66933,260.82950,0,
0,ACUA User Study,11217,102.49854,745717501935,0.45515,0.42483,102.01611,0.48242,257,1,0.45228,0.47179,1,0.07708,0.42130,0, ,0,,0.40147,0.49813,26.38019,0.59141,1,0.54076,0.50106,93.41657,0.58907,0,0,0.00000,15,21.09771,1,90.55163,0,0.00000,0,0,0,0,0,0,0.000,1,1,1,1,1,1,1,0,0.00000,0,,34.15085,230.55788,0,
0,ACUA User Study,11230,102.58643,745718381855,0.29357,0.48335,102.50928,0.07715,258,1,-0.03588,0.62520,1,0.07708,0.42130,0, ,0,,0.38623,0.50026,23.54536,0.57119,1,0.54076,0.50106,93.41657,0.56664,0,0,0.00000,15,20.54402,1,90.55163,0,0.00000,0,0,0,0,0,0,0.000,1,1,1,1,1,1,1,0,0.00000,0,,316.60593,191.51488,0,
0,ACUA User Study,11271,102.89355,745721453324,-0.48501,0.86239,102.63330,0.26025,259,1,-0.53931,0.85837,1,0.07708,0.42130,0, ,0,,0.33867,0.50710,23.74163,0.56664,1,0.54076,0.50106,93.41657,0.56664,0,0,0.00000,15,20.51379,1,90.55163,0,0.00000,0,0,0,0,0,0,0.000,1,1,1,1,1,1,1,0,0.00000,0,,1549.91138,195.31470,0,
0,ACUA User Study,11284,102.98047,745722322810,-0.39222,0.79987,102.90039,0.08008,260,1,-0.28288,0.75502,1,0.07708,0.42130,0, ,0,,0.32781,0.50511,23.72700,0.56664,1,0.54076,0.50106,93.41657,0.56664,0,0,0.00000,15,19.96873,1,90.55163,0,0.00000,0,0,0,0,0,0,0.000,1,1,1,1,1,1,1,0,0.00000,0,,190.52298,20.75674,0,
0,ACUA User Study,11323,103.24170,745724936111,-0.30084,0.79224,102.98730,0.25439,261,1,-0.32664,0.82132,1,0.07708,0.42130,0, ,0,,0.29168,0.50820,21.43700,0.56664,1,0.54076,0.50106,93.41657,0.56664,0,0,0.00000,15,18.01894,1,90.55163,0,0.00000,0,0,0,0,0,0,0.000,1,1,1,1,1,1,1,0,0.00000,0,,175.64299,2.68906,0,
0,ACUA User Study,11358,103.47656,745727280723,-0.31104,0.82311,103.24854,0.22803,262,1,-0.11711,0.68437,1,0.07708,0.42130,0, ,0,,0.29212,0.50852,20.04763,0.56664,1,0.54076,0.50106,93.41657,0.56664,0,0,0.00000,15,17.73804,1,90.55163,0,0.00000,0,0,0,0,0,0,0.000,1,1,1,1,1,1,1,0,0.00000,0,,38.66605,239.56955,0,
0,ACUA User Study,11380,103.66406,745729155917,0.50587,0.46085,103.54346,0.12061,263,1,-0.57588,0.64459,1,0.07760,0.42130,0, ,0,,0.35953,0.49791,16.49711,0.62081,1,0.54076,0.50106,93.41657,0.62331,0,0,0.00000,15,19.15468,1,90.55163,0,0.00000,0,0,0,0,0,0,0.000,1,1,1,1,1,1,1,0,0.00000,0,,1616.52686,14.00612,0,
0,ACUA User Study,11470,104.29639,745735483416,0.59922,0.24467,103.71387,0.58252,264,1,0.71236,0.26329,1,0.22708,0.28611,0, ,0,,0.43198,0.49424,24.44574,0.63136,1,0.54076,0.50106,93.41657,0.62868,0,0,0.00000,14,20.17204,1,90.55163,0,0.00000,0,0,0,0,0,0,0.000,1,1,1,1,1,1,1,0,0.00000,0,,294.33719,52.48753,0,
0,ACUA User Study,11495,104.46094,745737127855,1.35108,0.37866,104.36035,0.10059,265,1,1.33824,0.36587,1,0.22604,0.28519,0, ,0,,0.46796,0.49488,25.00246,0.60320,1,0.54076,0.50106,93.41657,0.60320,0,0,0.00000,14,21.91951,1,90.55163,0,0.00000,0,0,0,0,0,0,0.000,1,1,1,1,1,1,1,0,0.00000,0,,1450.80615,354.27557,0,
0,ACUA User Study,11516,104.62158,745738735200,1.30640,0.36859,104.46777,0.15381,266,1,1.28372,0.37370,1,0.22604,0.28519,0, ,0,,0.48451,0.49385,24.92486,0.61576,1,0.54076,0.50106,93.41657,0.61326,0,0,0.00000,14,21.72347,1,90.55163,0,0.00000,0,0,0,0,0,0,0.000,1,1,1,1,1,1,1,0,0.00000,0,,86.47228,172.77480,0,
0,ACUA User Study,11530,104.72217,745739739026,0.64898,0.38897,104.65625,0.06592,267,1,0.25050,0.33425,1,0.22604,0.28519,0, ,0,,0.18394,0.56071,25.99063,0.64481,1,0.47160,0.49110,25.83135,0.64481,1,0,0.00000,14,4.58176,1,4.55692,1,0.00000,0,0,0,0,0,0,0.000,1,1,1,1,1,1,1,0,0.00000,0,,1262.43811,180.99899,0,
0,ACUA User Study,11577,105.05713,745743088461,0.20139,0.42126,104.74951,0.30762,268,1,0.19626,0.44632,1,0.22604,0.28519,0, ,0,,0.17048,0.56652,24.49508,0.64262,1,0.45806,0.49199,25.01406,0.64816,1,0,0.00000,13,4.61733,1,4.58791,1,0.00000,0,0,0,0,0,0,0.000,1,1,1,1,1,1,1,0,0.00000,0,,860.08008,182.32378,0,
0,ACUA User Study,11610,105.27832,745745301142,0.17721,0.47267,105.06396,0.21436,269,1,0.17646,0.50597,1,0.22604,0.28519,0, ,0,,0.16265,0.57020,25.31450,0.62868,1,0.45005,0.49193,25.21517,0.62868,1,0,0.00000,13,4.72158,1,4.67019,1,0.00000,0,0,0,0,0,0,0.000,1,1,1,1,1,1,1,0,0.00000,0,,72.37484,230.09920,0,
0,ACUA User Study,11654,105.57959,745748313293,0.18544,0.47478,105.28857,0.29102,270,1,0.19296,0.42595,1,0.22604,0.28519,0, ,0,,0.16173,0.57030,25.46104,0.64259,1,0.44848,0.49077,25.44486,0.64259,1,0,0.00000,13,4.69839,1,4.52355,1,0.00000,0,0,0,0,0,0,0.000,1,1,1,1,1,1,1,0,0.00000,0,,15.96508,351.79373,0,
0,ACUA User Study,11682,105.76709,745750189154,0.20890,0.45264,105.58643,0.18066,271,1,0.43457,0.37237,1,0.22760,0.31944,0, ,0,,0.16665,0.56868,26.32716,0.64545,1,0.45298,0.48934,25.23580,0.64545,1,0,0.00000,13,4.66593,1,4.61293,1,0.00000,0,0,0,0,0,0,0.000,1,1,1,1,1,1,1,0,0.00000,0,,50.99643,27.96160,0,
0,ACUA User Study,11751,106.22949,745754811964,0.88057,0.39178,105.81396,0.41553,272,1,0.64969,0.35844,1,0.23594,0.35463,0, ,0,,0.19824,0.55685,24.85661,0.63240,1,0.48829,0.49047,25.29720,0.63490,1,0,0.00000,13,4.54814,1,4.78989,1,0.00000,0,0,0,0,0,0,0.000,1,1,1,1,1,1,1,0,0.00000,0,,1291.28027,2.91773,0,
0,ACUA User Study,11779,106.43701,745756885159,0.22719,0.41821,106.28809,0.14893,273,1,0.22474,0.48203,1,0.22344,0.28981,0, ,0,,0.17896,0.56006,25.33852,0.63400,1,0.46791,0.48852,25.02627,0.63400,1,0,0.00000,13,4.29973,1,4.41346,1,0.00000,0,0,0,0,0,0,0.000,1,1,1,1,1,1,1,0,0.00000,0,,1254.81421,181.30347,0,
0,ACUA User Study,11837,106.83252,745760840979,0.21414,0.42223,106.44336,0.38916,274,1,0.17127,0.41925,1,0.22240,0.27963,0, ,0,,0.17515,0.56125,25.06079,0.63670,1,0.46350,0.48835,24.39484,0.63670,1,0,0.00000,13,4.54497,1,4.57646,1,0.00000,0,0,0,0,0,0,0.000,1,1,1,1,1,1,1,0,0.00000,0,,25.42936,189.83034,0,
0,ACUA User Study,11860,106.97949,745762314314,0.20304,0.42040,106.83789,0.14160,275,1,0.25995,0.42302,1,0.22552,0.30926,0, ,0,,0.17775,0.56166,24.97576,0.64249,1,0.46601,0.48852,24.37705,0.64802,1,0,0.00000,13,4.61188,1,4.59601,1,0.00000,0,0,0,0,0,0,0.000,1,1,1,1,1,1,1,0,0.00000,0,,21.40346,174.70171,0,
0,ACUA User Study,11897,107.25684,745765087365,0.27242,0.44157,106.98682,0.27002,276,1,0.27472,0.43867,1,0.22552,0.30926,0, ,0,,0.17615,0.56254,25.08650,0.63400,1,0.46427,0.48880,23.79185,0.63400,1,0,0.00000,12,4.48317,1,4.48514,1,0.00000,0,0,0,0,0,0,0.000,1,1,1,1,1,1,1,0,0.00000,0,,135.15747,350.26083,0,
0,ACUA User Study,11932,107.49023,745767422073,0.26918,0.44308,107.26172,0.22852,277,1,0.26028,0.52325,1,0.28385,0.29630,0, ,0,,0.17647,0.56281,24.01563,0.62598,1,0.46413,0.48895,23.11624,0.62331,1,0,0.00000,12,4.37546,1,4.42277,1,0.00000,0,0,0,0,0,0,0.000,1,1,1,1,1,1,1,0,0.00000,0,,6.43096,194.68950,0,
0,ACUA User Study,11961,107.68506,745769367263,0.26317,0.46341,107.49512,0.18994,278,1,0.27719,0.57821,1,0.28385,0.29630,0, ,0,,0.17710,0.56338,24.29336,0.62866,1,0.46468,0.48955,23.74795,0.62598,1,0,0.00000,12,4.63922,1,4.33323,1,0.00000,0,0,0,0,0,0,0.000,1,1,1,1,1,1,1,0,0.00000,0,,24.80396,242.27576,0,
0,ACUA User Study,12006,108.01270,745772642790,0.26295,0.55045,107.69043,0.32227,279,1,0.27135,0.59778,1,0.29219,0.39630,0, ,0,,0.17450,0.56732,26.49302,0.63412,1,0.46155,0.49182,26.47707,0.63412,1,0,0.00000,12,4.69401,1,4.57648,1,0.00000,0,0,0,0,0,0,0.000,1,1,1,1,1,1,1,0,0.00000,0,,94.00419,269.74255,0,
0,ACUA User Study,12031,108.20557,745774571493,0.27468,0.59876,108.02441,0.18115,280,1,0.27597,0.55820,1,0.29375,0.40556,0, ,0,,0.17223,0.56772,26.61970,0.64544,1,0.45945,0.49093,26.66766,0.64811,1,0,0.00000,12,4.84760,1,4.65152,1,0.00000,0,0,0,0,0,0,0.000,1,1,1,1,1,1,1,0,0.00000,0,,56.82808,293.34772,0,
0,ACUA User Study,12086,108.57617,745778277048,0.27023,0.56318,108.21191,0.36426,281,1,0.31622,0.41144,1,0.29792,0.45741,0, ,0,,0.16939,0.56657,26.25587,0.65349,1,0.45430,0.48851,25.22556,0.65635,1,0,0.00000,11,4.61389,1,4.59063,1,0.00000,0,0,0,0,0,0,0.000,1,1,1,1,1,1,1,0,0.00000,0,,39.36479,102.53555,0,
0,ACUA User Study,12124,108.84814,745781001138,0.25782,0.39525,108.60059,0.24756,282,1,0.26253,0.41435,1,0.29792,0.45741,0, ,0,,0.16708,0.56523,24.86201,0.64783,1,0.45072,0.48580,25.78597,0.64497,1,0,0.00000,11,4.59655,1,4.65004,1,0.00000,0,0,0,0,0,0,0.000,1,1,1,1,1,1,1,0,0.00000,0,,182.92291,97.48451,0,
0,ACUA User Study,12146,108.99561,745782475421,0.25852,0.43355,108.85498,0.14062,283,1,0.24977,0.51267,1,0.29792,0.45741,0, ,0,,0.16646,0.56652,26.18329,0.64770,1,0.44765,0.48468,26.73347,0.65056,1,0,0.00000,11,4.98717,1,4.74605,1,0.00000,0,0,0,0,0,0,0.000,1,1,1,1,1,1,1,0,0.00000,0,,41.38584,271.86099,0,
0,ACUA User Study,12169,109.16650,745784181633,0.23688,0.45487,109.00732,0.15918,284,1,0.23232,0.55991,1,0.29792,0.45741,0, ,0,,0.16030,0.57255,26.00091,0.64481,1,0.43877,0.48678,26.38190,0.64481,1,0,0.00000,11,4.95552,1,4.84486,1,0.00000,0,0,0,0,0,0,0.000,1,1,1,1,1,1,1,0,0.00000,0,,47.50242,208.99440,0,
0,ACUA User Study,12186,109.27734,745785288888,0.17752,0.53012,109.17090,0.10645,285,1,-0.05954,0.56328,1,0.29792,0.45741,0, ,0,,0.13904,0.58205,25.45826,0.65938,1,0.41136,0.48677,24.96250,0.65670,1,0,0.00000,11,5.89884,1,5.29197,1,0.00000,0,0,0,0,0,0,0.000,1,1,1,1,1,1,1,0,0.00000,0,,139.97946,215.49171,0,
0,ACUA User Study,12211,109.44580,745786977861,-0.73826,1.29285,109.36426,0.08154,286,1,-0.91419,1.17958,1,0.29792,0.45741,0, ,0,,0.08046,0.61340,21.75313,0.54998,1,0.33862,0.49511,23.60786,0.54998,1,0,0.00000,11,4.92408,1,4.86687,1,0.00000,0,0,0,0,0,0,0.000,1,1,1,1,1,1,1,0,0.00000,0,,1941.69299,205.10271,0,
0,ACUA User Study,12231,109.58545,745788370590,-0.86265,1.16237,109.47119,0.11426,287,1,-0.79988,1.10722,1,0.29792,0.45741,0, ,0,,0.05682,0.63141,20.96898,0.54998,1,0.30728,0.50059,22.58299,0.54998,1,0,0.00000,11,4.90799,1,4.75096,1,0.00000,0,0,0,0,0,0,0.000,1,1,1,1,1,1,1,0,0.00000,0,,277.30350,149.45772,0,
0,ACUA User Study,12260,109.82959,745790813536,-0.82003,1.15444,109.59229,0.23730,288,1,-0.79758,1.12063,1,0.29792,0.45741,0, ,0,,0.01881,0.65859,19.34821,0.54998,1,0.25869,0.51280,21.08261,0.54998,1,0,0.00000,11,4.65040,1,4.53073,1,0.00000,0,0,0,0,0,0,0.000,1,1,1,1,1,1,1,0,0.00000,0,,82.27739,5.97479,0,
0,ACUA User Study,12281,109.99072,745792423971,-0.13721,1.07826,109.95361,0.03711,289,1,0.92395,1.03783,1,0.29792,0.45741,0, ,0,,0.00485,0.66766,13.58563,0.54998,1,0.27776,0.52863,7.71691,0.54998,1,0,0.00000,11,3.70555,1,2.37224,1,0.00000,0,0,0,0,0,0,0.000,1,1,1,1,1,1,1,0,0.00000,0,,1313.59338,3.59097,0,
0,ACUA User Study,12314,110.21729,745794691756,-0.80833,1.13292,110.05420,0.16309,290,1,-1.06838,1.29221,1,0.29792,0.45741,0, ,0,,0.00360,0.66822,10.92403,0.54998,0,0.23682,0.52015,20.55303,0.54998,1,0,0.00000,11,3.53020,0,4.03490,1,0.00000,0,0,0,0,0,0,0.000,1,1,1,1,1,1,1,0,0.00000,0,,1289.90198,182.62308,0,
0,ACUA User Study,12339,110.38232,745796341199,-1.14236,1.28212,110.24170,0.14062,291,1,-1.13151,1.26202,1,0.29792,0.45741,0, ,0,,0.00360,0.66822,10.92403,0.54998,0,0.22977,0.52394,20.61166,0.54998,1,0,0.00000,11,3.53020,0,4.05331,1,0.00000,0,0,0,0,0,0,0.000,1,1,1,1,1,1,1,0,0.00000,0,,661.27032,194.10362,0,
0,ACUA User Study,12366,110.56494,745798165231,-1.14680,1.35342,110.38965,0.17529,292,1,-1.15391,1.40808,1,0.29792,0.45741,0, ,0,,0.00360,0.66822,10.92403,0.54998,0,0.22792,0.52869,21.72883,0.54998,1,0,0.00000,11,3.53020,0,4.23661,1,0.00000,0,0,0,0,0,0,0.000,1,1,1,1,1,1,1,0,0.00000,0,,77.47448,263.68268,0,
0,ACUA User Study,12383,110.67725,745799288318,-1.12392,1.31138,110.56982,0.10742,293,1,-1.09942,1.26102,1,0.29792,0.45741,0, ,0,,0.00360,0.66822,10.92403,0.54998,0,0.22838,0.52758,21.98701,0.54998,1,0,0.00000,11,3.53020,0,4.30297,1,0.00000,0,0,0,0,0,0,0.000,1,1,1,1,1,1,1,0,0.00000,0,,63.17648,45.94498,0,
0,ACUA User Study,12419,110.92480,745801765936,-1.11342,1.29524,110.68359,0.24121,294,1,-1.03729,1.33497,1,0.29792,0.45741,0, ,0,,0.00360,0.66822,10.92403,0.54998,0,0.23038,0.52593,21.68346,0.54998,1,0,0.00000,10,3.53020,0,4.17055,1,0.00000,0,0,0,0,0,0,0.000,1,1,1,1,1,1,1,0,0.00000,0,,26.65084,40.84814,0,
0,ACUA User Study,12452,111.15283,745804044013,-1.06433,1.34938,110.93164,0.22119,295,1,-1.06114,1.32190,1,0.29792,0.45741,0, ,0,,0.00360,0.66822,10.92403,0.54998,0,0.24188,0.52388,22.02150,0.54998,1,0,0.00000,10,3.53020,0,4.22503,1,0.00000,0,0,0,0,0,0,0.000,1,1,1,1,1,1,1,0,0.00000,0,,110.91650,328.18597,0,
0,ACUA User Study,12470,111.27344,745805251524,0.02677,2.08664,111.17969,0.09375,296,1,-1.05264,1.38154,1,0.29792,0.45741,0, ,0,,0.00360,0.66822,10.92403,0.54998,0,0.25591,0.51890,22.12730,0.54998,1,0,0.00000,10,3.53020,0,4.30521,1,0.00000,0,0,0,0,0,0,0.000,1,1,1,1,1,1,1,0,0.00000,0,,2241.12793,339.18906,0,
0,ACUA User Study,12486,111.38037,745806321342,-0.82844,1.22014,111.29980,0.08057,297,1,-0.29767,0.98521,1,0.29792,0.45741,0, ,0,,0.00360,0.66822,10.92403,0.54998,0,0.28700,0.50983,21.07255,0.54998,1,0,0.00000,10,3.53020,0,5.73989,1,0.00000,0,0,0,0,0,0,0.000,1,1,1,1,1,1,1,0,0.00000,0,,1889.95593,150.32007,0,
0,ACUA User Study,12497,111.45410,745807057074,0.13633,0.70221,111.42725,0.02686,298,1,0.13220,0.69913,0,0.29792,0.45741,0, ,0,,0.00360,0.66822,10.92403,0.60320,0,0.33164,0.50619,25.57320,0.60320,0,0,0.00000,10,3.53020,0,4.46823,0,0.00000,0,0,0,0,0,0,0.000,1,1,1,1,1,1,1,0,0.00000,0,,1934.97290,16.80296,0,
0,ACUA User Study,12538,111.97070,745812222473,0.36074,0.82473,111.82373,0.14697,299,1,0.34874,0.79387,1,0.29948,0.51759,0, ,0,,0.15858,0.58328,22.76577,0.62701,1,0.28874,0.73157,34.16168,0.62701,0,0,0.00000,11,7.40758,1,13.30931,0,0.00000,0,0,0,0,0,0,0.000,1,1,1,1,1,1,1,0,0.00000,0,,450.72778,342.92801,0,
0,ACUA User Study,12558,112.10400,745813555629,0.33308,0.75167,111.97656,0.12744,300,1,0.32633,0.75222,1,0.29948,0.51759,0, ,0,,0.15624,0.58293,23.01866,0.62412,1,0.28874,0.73157,34.16168,0.62412,0,0,0.00000,11,7.12083,1,13.30931,0,0.00000,0,0,0,0,0,0,0.000,1,1,1,1,1,1,1,0,0.00000,0,,95.11224,123.94268,0,
0,ACUA User Study,12580,112.25098,745815029161,0.32705,0.70945,112.11035,0.14062,301,1,0.32258,0.60848,1,0.29948,0.51759,0, ,0,,0.15745,0.57926,24.09529,0.63280,1,0.28874,0.73157,34.16168,0.63280,0,0,0.00000,11,7.14426,1,13.30931,0,0.00000,0,0,0,0,0,0,0.000,1,1,1,1,1,1,1,0,0.00000,0,,47.04447,104.24683,0,
0,ACUA User Study,12613,112.50586,745817576358,0.33449,0.63049,112.25781,0.24805,302,1,0.36427,0.55007,1,0.29948,0.51759,0, ,0,,0.17560,0.56812,24.30269,0.62412,1,0.28874,0.73157,34.16168,0.62412,0,0,0.00000,11,7.27629,1,13.30931,0,0.00000,0,0,0,0,0,0,0.000,1,1,1,1,1,1,1,0,0.00000,0,,86.46496,80.49059,0,
0,ACUA User Study,12633,112.65332,745819048352,0.30203,0.60683,112.51221,0.14111,303,1,0.24599,0.65172,1,0.29948,0.51759,0, ,0,,0.18148,0.56462,24.15810,0.62701,1,0.28874,0.73157,34.16168,0.62701,0,0,0.00000,11,7.25845,1,13.30931,0,0.00000,0,0,0,0,0,0,0.000,1,1,1,1,1,1,1,0,0.00000,0,,67.35824,157.70616,0,
0,ACUA User Study,12654,112.79346,745820454002,0.26671,0.63252,112.66113,0.13232,304,1,0.29762,0.69890,1,0.29948,0.51759,0, ,0,,0.17663,0.56911,24.33592,0.60320,1,0.28874,0.73157,34.16168,0.60320,0,0,0.00000,11,7.39049,1,13.30931,0,0.00000,0,0,0,0,0,0,0.000,1,1,1,1,1,1,1,0,0.00000,0,,73.27061,202.25121,0,
0,ACUA User Study,12699,113.11475,745823667142,0.28744,0.70486,112.80029,0.31445,305,1,0.28883,0.83525,1,0.29948,0.51759,0, ,0,,0.15214,0.58377,23.20581,0.60320,1,0.28874,0.73157,34.16168,0.60320,0,0,0.00000,11,7.39293,1,13.30931,0,0.00000,0,0,0,0,0,0,0.000,1,1,1,1,1,1,1,0,0.00000,0,,87.68133,296.99640,0,
0,ACUA User Study,12716,113.25781,745825095174,0.26043,0.81418,113.12207,0.13574,306,1,0.08153,0.92328,1,0.29948,0.51759,0, ,0,,0.14533,0.58540,22.46472,0.60320,1,0.28874,0.73157,34.16168,0.60320,0,0,0.00000,11,8.48513,1,13.30931,0,0.00000,0,0,0,0,0,0,0.000,1,1,1,1,1,1,1,0,0.00000,0,,128.95297,246.28697,0,
0,ACUA User Study,12859,114.81445,745840663160,0.78564,0.35224,114.71631,0.09814,307,1,0.46181,0.36445,1,0.34427,0.51481,0, ,0,,0.35682,0.52107,21.63136,0.71921,1,0.63207,0.52535,21.26721,0.72279,1,0,0.00000,12,4.05439,1,4.11183,1,0.00000,0,0,0,0,0,0,0.000,1,1,1,1,1,1,1,0,0.00000,0,,1125.06592,26.32335,0,
0,ACUA User Study,12901,115.10449,745843563274,0.17609,0.43405,114.84473,0.25977,308,1,0.17514,0.39299,1,0.34427,0.51481,0, ,0,,0.32181,0.53146,21.10796,0.72279,1,0.59925,0.51594,21.43511,0.71921,1,0,0.00000,12,4.37545,1,4.20149,1,0.00000,0,0,0,0,0,0,0.000,1,1,1,1,1,1,1,0,0.00000,0,,1173.66650,184.31737,0,
0,ACUA User Study,12924,115.26758,745845192155,0.18051,0.40328,115.11133,0.15625,309,1,0.17655,0.33052,1,0.34427,0.51481,0, ,0,,0.31148,0.53755,22.88935,0.73175,1,0.58892,0.51452,22.09192,0.73563,1,0,0.00000,12,4.43033,1,4.34124,1,0.00000,0,0,0,0,0,0,0.000,1,1,1,1,1,1,1,0,0.00000,0,,34.29807,75.67449,0,
0,ACUA User Study,12963,115.52686,745847784392,0.18388,0.37422,115.27637,0.25049,310,1,0.22700,0.37580,1,0.34427,0.51481,0, ,0,,0.25346,0.56592,24.08469,0.70917,1,0.52663,0.50951,24.33436,0.70585,1,0,0.00000,12,4.37848,1,4.40729,1,0.00000,0,0,0,0,0,0,0.000,1,1,1,1,1,1,1,0,0.00000,0,,32.04481,78.35091,0,
0,ACUA User Study,12988,115.71484,745849664356,0.45580,0.40733,115.55664,0.15820,311,1,0.64149,0.35102,1,0.34427,0.51481,0, ,0,,0.26613,0.55223,23.79046,0.71251,1,0.54076,0.50495,24.79625,0.71251,1,0,0.00000,12,4.67007,1,4.50372,1,0.00000,0,0,0,0,0,0,0.000,1,1,1,1,1,1,1,0,0.00000,0,,523.30957,356.08182,0,
0,ACUA User Study,13046,116.10938,745853611987,0.87664,0.33168,115.76807,0.34131,312,1,0.87764,0.29519,1,0.34792,0.51204,0, ,0,,0.30072,0.54597,22.54835,0.71921,1,0.57683,0.51350,23.55866,0.71590,1,0,0.00000,12,4.50230,1,5.26311,1,0.00000,0,0,0,0,0,0,0.000,1,1,1,1,1,1,1,0,0.00000,0,,812.13293,5.77383,0,
0,ACUA User Study,13067,116.25000,745855018355,0.85347,0.30843,116.12354,0.12646,313,1,0.62819,0.26971,1,0.34792,0.51204,0, ,0,,0.29621,0.54541,24.09720,0.71921,1,0.57330,0.51205,24.39434,0.71921,1,0,0.00000,12,4.42678,1,4.53362,1,0.00000,0,0,0,0,0,0,0.000,1,1,1,1,1,1,1,0,0.00000,0,,51.08372,150.55772,0,
0,ACUA User Study,13108,116.52490,745857764865,0.14111,0.37083,116.29688,0.22803,314,1,0.04419,0.29335,1,0.34531,0.50093,0, ,0,,0.27470,0.55214,24.15523,0.71297,1,0.55047,0.51140,24.68107,0.71655,1,0,0.00000,12,4.45790,1,4.58362,1,0.00000,0,0,0,0,0,0,0.000,1,1,1,1,1,1,1,0,0.00000,0,,1369.39050,182.82086,0,
0,ACUA User Study,13135,116.70557,745859571764,0.06061,0.31868,116.53125,0.17432,315,1,0.07728,0.37857,1,0.17500,0.35741,0, ,0,,0.27152,0.55094,23.89137,0.70582,1,0.54697,0.50813,24.85897,0.70582,1,0,0.00000,12,4.59866,1,4.70099,1,0.00000,0,0,0,0,0,0,0.000,1,1,1,1,1,1,1,0,0.00000,0,,164.50218,159.97813,0,
0,ACUA User Study,13221,117.33545,745865869910,0.05477,0.35395,116.71240,0.62305,316,1,0.18575,0.27368,1,0.06562,0.22778,0, ,0,,0.28503,0.54440,25.16050,0.71655,1,0.56091,0.50801,25.44794,0.72013,1,0,0.00000,12,4.54069,1,4.59891,1,0.00000,0,0,0,0,0,0,0.000,1,1,1,1,1,1,1,0,0.00000,0,,39.70766,253.59747,0,
0,ACUA User Study,13299,117.90430,745871561072,0.20064,0.30259,117.36182,0.54248,317,1,0.20772,0.29779,1,0.48750,0.39074,0, ,0,,0.30484,0.54138,22.95584,0.74514,1,0.57881,0.51416,23.95973,0.74127,1,0,0.00000,12,4.58587,1,4.56304,1,0.00000,0,0,0,0,0,0,0.000,1,1,1,1,1,1,1,0,0.00000,0,,285.51044,11.20263,0,
0,ACUA User Study,13312,118.00098,745872526205,0.33300,0.34097,117.91113,0.08984,318,1,0.47543,0.40179,1,0.48802,0.39074,0, ,0,,0.31278,0.54478,23.21598,0.73713,1,0.58625,0.51918,23.87448,0.73713,1,0,0.00000,12,4.41194,1,4.43930,1,0.00000,0,0,0,0,0,0,0.000,1,1,1,1,1,1,1,0,0.00000,0,,257.48941,350.73627,0,
0,ACUA User Study,13349,118.25488,745875066271,0.48665,0.42333,118.02490,0.22998,319,1,0.48524,0.47877,1,0.48802,0.39074,0, ,0,,0.31218,0.55362,23.49124,0.74127,1,0.58625,0.53013,23.08994,0.74514,1,0,0.00000,12,4.23800,1,4.77356,1,0.00000,0,0,0,0,0,0,0.000,1,1,1,1,1,1,1,0,0.00000,0,,308.12598,343.22125,0,
0,ACUA User Study,13374,118.42725,745876788817,0.49870,0.43338,118.25977,0.16748,320,1,0.72765,0.35982,1,0.48802,0.39074,0, ,0,,0.31177,0.55446,22.07414,0.73352,1,0.58511,0.52890,22.74958,0.73352,1,0,0.00000,12,4.33919,1,4.42416,1,0.00000,0,0,0,0,0,0,0.000,1,1,1,1,1,1,1,0,0.00000,0,,25.55549,334.86688,0,
0,ACUA User Study,13424,118.77051,745880222231,0.77332,0.36496,118.45801,0.31250,321,1,0.73015,0.32781,1,0.48802,0.39074,0, ,0,,0.31941,0.54836,23.05093,0.73367,1,0.59268,0.52433,23.40030,0.73367,1,0,0.00000,12,4.38721,1,4.50029,1,0.00000,0,0,0,0,0,0,0.000,1,1,1,1,1,1,1,0,0.00000,0,,532.42310,7.97768,0,
0,ACUA User Study,13457,119.00537,745882569881,0.76406,0.31379,118.78564,0.21973,322,1,0.73225,0.28706,1,0.48802,0.39074,0, ,0,,0.31228,0.55111,23.77854,0.74798,1,0.58316,0.51633,17.97861,0.74798,1,0,0.00000,12,4.58530,1,4.71025,1,0.00000,0,0,0,0,0,0,0.000,1,1,1,1,1,1,1,0,0.00000,0,,58.05316,107.83379,0,
0,ACUA User Study,13470,119.09082,745883423220,0.41531,0.30652,119.02979,0.06104,323,1,0.41399,0.29789,0,0.48802,0.39074,0, ,0,,0.30626,0.54329,21.20745,0.74798,1,0.57826,0.50205,16.84219,0.74798,1,0,0.00000,12,4.55539,1,4.73351,1,0.00000,0,0,0,0,0,0,0.000,1,1,1,1,1,1,1,0,0.00000,0,,669.64606,179.32819,0,
0,ACUA User Study,13501,119.31152,745885631595,0.42177,0.31206,119.21338,0.09814,324,1,0.47175,0.19235,0,0.48802,0.39074,0, ,0,,0.40747,0.50487,21.96025,0.69257,1,0.68992,0.51627,19.33386,0.69257,1,0,0.00000,12,4.79839,1,4.55178,1,0.00000,0,0,0,0,0,0,0.000,1,1,1,1,1,1,1,0,0.00000,0,,13.77092,334.24768,0,
0,ACUA User Study,13527,119.49072,745887422871,0.09726,5.99782,119.46045,0.03027,325,1,0.09726,5.99782,0,0.48802,0.39074,0, ,0,,0.49283,0.50379,21.26391,1.36367,1,0.77098,0.56271,18.06191,1.39135,1,0,0.00000,11,4.63500,1,4.57518,1,0.00000,0,0,0,0,0,0,0.000,1,1,1,1,1,1,1,0,0.00000,0,,6172.14893,264.20630,0,